claim_id,split
CLM00001,train
CLM00002,train
CLM00003,train
CLM00004,validation
CLM00005,train
CLM00006,train
CLM00007,train
CLM00008,test
CLM00009,validation
CLM00010,train
CLM00011,train
CLM00012,train
CLM00013,validation
CLM00014,train
CLM00015,train
CLM00016,train
CLM00017,validation
CLM00018,train
CLM00019,validation
CLM00020,validation
CLM00021,train
CLM00022,validation
CLM00023,validation
CLM00024,train
CLM00025,train
CLM00026,train
CLM00027,train
CLM00028,validation
CLM00029,train
CLM00030,train
CLM00031,train
CLM00032,train
CLM00033,train
CLM00034,train
CLM00035,test
CLM00036,test
CLM00037,train
CLM00038,test
CLM00039,train
CLM00040,train
CLM00041,train
CLM00042,test
CLM00043,test
CLM00044,train
CLM00045,train
CLM00046,train
CLM00047,test
CLM00048,train
CLM00049,validation
CLM00050,train
CLM00051,test
CLM00052,test
CLM00053,train
CLM00054,train
CLM00055,train
CLM00056,train
CLM00057,train
CLM00058,test
CLM00059,train
CLM00060,train
CLM00061,train
CLM00062,test
CLM00063,validation
CLM00064,train
CLM00065,train
CLM00066,validation
CLM00067,train
CLM00068,train
CLM00069,train
CLM00070,test
CLM00071,train
CLM00072,train
CLM00073,train
CLM00074,train
CLM00075,train
CLM00076,test
CLM00077,train
CLM00078,train
CLM00079,train
CLM00080,test
CLM00081,train
CLM00082,train
CLM00083,train
CLM00084,train
CLM00085,train
CLM00086,train
CLM00087,validation
CLM00088,test
CLM00089,test
CLM00090,validation
CLM00091,train
CLM00092,train
CLM00093,train
CLM00094,train
CLM00095,train
CLM00096,test
CLM00097,train
CLM00098,train
CLM00099,train
CLM00100,test
CLM00101,train
CLM00102,validation
CLM00103,train
CLM00104,validation
CLM00105,test
CLM00106,test
CLM00107,train
CLM00108,train
CLM00109,train
CLM00110,train
CLM00111,validation
CLM00112,validation
CLM00113,train
CLM00114,validation
CLM00115,test
CLM00116,test
CLM00117,train
CLM00118,test
CLM00119,train
CLM00120,validation
CLM00121,train
CLM00122,train
CLM00123,validation
CLM00124,train
CLM00125,train
CLM00126,test
CLM00127,test
CLM00128,test
CLM00129,train
CLM00130,train
CLM00131,train
CLM00132,train
CLM00133,train
CLM00134,train
CLM00135,train
CLM00136,train
CLM00137,validation
CLM00138,train
CLM00139,train
CLM00140,validation
CLM00141,train
CLM00142,train
CLM00143,train
CLM00144,test
CLM00145,validation
CLM00146,test
CLM00147,train
CLM00148,train
CLM00149,train
CLM00150,train
CLM00151,test
CLM00152,validation
CLM00153,train
CLM00154,train
CLM00155,train
CLM00156,train
CLM00157,train
CLM00158,train
CLM00159,train
CLM00160,train
CLM00161,train
CLM00162,test
CLM00163,train
CLM00164,train
CLM00165,train
CLM00166,test
CLM00167,train
CLM00168,train
CLM00169,train
CLM00170,train
CLM00171,train
CLM00172,train
CLM00173,validation
CLM00174,train
CLM00175,test
CLM00176,train
CLM00177,train
CLM00178,train
CLM00179,train
CLM00180,train
CLM00181,train
CLM00182,train
CLM00183,train
CLM00184,train
CLM00185,test
CLM00186,train
CLM00187,validation
CLM00188,validation
CLM00189,train
CLM00190,train
CLM00191,test
CLM00192,validation
CLM00193,train
CLM00194,train
CLM00195,train
CLM00196,train
CLM00197,train
CLM00198,train
CLM00199,train
CLM00200,train
CLM00201,train
CLM00202,train
CLM00203,train
CLM00204,validation
CLM00205,train
CLM00206,test
CLM00207,train
CLM00208,train
CLM00209,validation
CLM00210,validation
CLM00211,train
CLM00212,test
CLM00213,train
CLM00214,train
CLM00215,train
CLM00216,validation
CLM00217,train
CLM00218,validation
CLM00219,train
CLM00220,train
CLM00221,train
CLM00222,train
CLM00223,train
CLM00224,train
CLM00225,train
CLM00226,test
CLM00227,train
CLM00228,train
CLM00229,test
CLM00230,test
CLM00231,train
CLM00232,train
CLM00233,validation
CLM00234,train
CLM00235,train
CLM00236,validation
CLM00237,train
CLM00238,train
CLM00239,train
CLM00240,train
CLM00241,validation
CLM00242,validation
CLM00243,test
CLM00244,train
CLM00245,validation
CLM00246,train
CLM00247,train
CLM00248,test
CLM00249,validation
CLM00250,train
CLM00251,train
CLM00252,train
CLM00253,train
CLM00254,train
CLM00255,train
CLM00256,train
CLM00257,validation
CLM00258,train
CLM00259,train
CLM00260,validation
CLM00261,validation
CLM00262,train
CLM00263,validation
CLM00264,train
CLM00265,train
CLM00266,validation
CLM00267,train
CLM00268,train
CLM00269,train
CLM00270,train
CLM00271,test
CLM00272,train
CLM00273,train
CLM00274,train
CLM00275,train
CLM00276,train
CLM00277,train
CLM00278,test
CLM00279,train
CLM00280,train
CLM00281,train
CLM00282,train
CLM00283,train
CLM00284,test
CLM00285,train
CLM00286,train
CLM00287,train
CLM00288,train
CLM00289,train
CLM00290,test
CLM00291,train
CLM00292,train
CLM00293,test
CLM00294,train
CLM00295,train
CLM00296,train
CLM00297,train
CLM00298,train
CLM00299,train
CLM00300,train
CLM00301,train
CLM00302,train
CLM00303,train
CLM00304,validation
CLM00305,train
CLM00306,train
CLM00307,validation
CLM00308,validation
CLM00309,train
CLM00310,train
CLM00311,train
CLM00312,train
CLM00313,train
CLM00314,train
CLM00315,train
CLM00316,train
CLM00317,train
CLM00318,train
CLM00319,train
CLM00320,train
CLM00321,train
CLM00322,train
CLM00323,validation
CLM00324,test
CLM00325,test
CLM00326,train
CLM00327,train
CLM00328,train
CLM00329,train
CLM00330,train
CLM00331,test
CLM00332,validation
CLM00333,train
CLM00334,test
CLM00335,train
CLM00336,train
CLM00337,train
CLM00338,train
CLM00339,test
CLM00340,train
CLM00341,test
CLM00342,train
CLM00343,train
CLM00344,train
CLM00345,train
CLM00346,validation
CLM00347,train
CLM00348,train
CLM00349,train
CLM00350,train
CLM00351,train
CLM00352,train
CLM00353,train
CLM00354,test
CLM00355,train
CLM00356,train
CLM00357,validation
CLM00358,train
CLM00359,train
CLM00360,train
CLM00361,test
CLM00362,validation
CLM00363,test
CLM00364,train
CLM00365,train
CLM00366,train
CLM00367,train
CLM00368,validation
CLM00369,validation
CLM00370,train
CLM00371,train
CLM00372,test
CLM00373,train
CLM00374,validation
CLM00375,train
CLM00376,train
CLM00377,train
CLM00378,train
CLM00379,validation
CLM00380,test
CLM00381,train
CLM00382,train
CLM00383,test
CLM00384,train
CLM00385,train
CLM00386,train
CLM00387,train
CLM00388,train
CLM00389,train
CLM00390,train
CLM00391,train
CLM00392,validation
CLM00393,train
CLM00394,test
CLM00395,train
CLM00396,validation
CLM00397,validation
CLM00398,test
CLM00399,validation
CLM00400,train
CLM00401,train
CLM00402,test
CLM00403,train
CLM00404,train
CLM00405,train
CLM00406,train
CLM00407,train
CLM00408,validation
CLM00409,test
CLM00410,test
CLM00411,train
CLM00412,train
CLM00413,validation
CLM00414,validation
CLM00415,train
CLM00416,train
CLM00417,test
CLM00418,train
CLM00419,train
CLM00420,train
CLM00421,train
CLM00422,train
CLM00423,validation
CLM00424,train
CLM00425,validation
CLM00426,train
CLM00427,validation
CLM00428,train
CLM00429,train
CLM00430,test
CLM00431,validation
CLM00432,train
CLM00433,test
CLM00434,train
CLM00435,train
CLM00436,train
CLM00437,validation
CLM00438,validation
CLM00439,train
CLM00440,train
CLM00441,train
CLM00442,train
CLM00443,train
CLM00444,train
CLM00445,validation
CLM00446,train
CLM00447,train
CLM00448,train
CLM00449,validation
CLM00450,train
CLM00451,train
CLM00452,test
CLM00453,validation
CLM00454,train
CLM00455,train
CLM00456,train
CLM00457,train
CLM00458,train
CLM00459,train
CLM00460,validation
CLM00461,train
CLM00462,validation
CLM00463,train
CLM00464,train
CLM00465,train
CLM00466,validation
CLM00467,train
CLM00468,train
CLM00469,test
CLM00470,train
CLM00471,train
CLM00472,train
CLM00473,train
CLM00474,train
CLM00475,test
CLM00476,validation
CLM00477,train
CLM00478,validation
CLM00479,train
CLM00480,train
CLM00481,train
CLM00482,test
CLM00483,train
CLM00484,train
CLM00485,validation
CLM00486,train
CLM00487,validation
CLM00488,train
CLM00489,train
CLM00490,test
CLM00491,validation
CLM00492,test
CLM00493,train
CLM00494,train
CLM00495,train
CLM00496,test
CLM00497,train
CLM00498,train
CLM00499,train
CLM00500,train
CLM00501,train
CLM00502,train
CLM00503,train
CLM00504,train
CLM00505,train
CLM00506,train
CLM00507,train
CLM00508,train
CLM00509,train
CLM00510,train
CLM00511,train
CLM00512,train
CLM00513,train
CLM00514,validation
CLM00515,validation
CLM00516,validation
CLM00517,train
CLM00518,test
CLM00519,validation
CLM00520,validation
CLM00521,train
CLM00522,train
CLM00523,train
CLM00524,train
CLM00525,test
CLM00526,train
CLM00527,train
CLM00528,train
CLM00529,test
CLM00530,train
CLM00531,train
CLM00532,train
CLM00533,train
CLM00534,validation
CLM00535,train
CLM00536,validation
CLM00537,train
CLM00538,train
CLM00539,train
CLM00540,validation
CLM00541,train
CLM00542,train
CLM00543,test
CLM00544,test
CLM00545,train
CLM00546,validation
CLM00547,validation
CLM00548,train
CLM00549,test
CLM00550,train
CLM00551,train
CLM00552,test
CLM00553,train
CLM00554,test
CLM00555,validation
CLM00556,train
CLM00557,train
CLM00558,train
CLM00559,train
CLM00560,train
CLM00561,train
CLM00562,train
CLM00563,train
CLM00564,validation
CLM00565,train
CLM00566,train
CLM00567,train
CLM00568,train
CLM00569,train
CLM00570,train
CLM00571,validation
CLM00572,train
CLM00573,train
CLM00574,validation
CLM00575,test
CLM00576,train
CLM00577,train
CLM00578,train
CLM00579,train
CLM00580,train
CLM00581,train
CLM00582,test
CLM00583,train
CLM00584,train
CLM00585,test
CLM00586,train
CLM00587,train
CLM00588,train
CLM00589,train
CLM00590,train
CLM00591,test
CLM00592,train
CLM00593,test
CLM00594,train
CLM00595,test
CLM00596,train
CLM00597,train
CLM00598,train
CLM00599,train
CLM00600,train
CLM00601,test
CLM00602,train
CLM00603,train
CLM00604,train
CLM00605,test
CLM00606,test
CLM00607,train
CLM00608,validation
CLM00609,train
CLM00610,train
CLM00611,train
CLM00612,train
CLM00613,test
CLM00614,train
CLM00615,train
CLM00616,train
CLM00617,train
CLM00618,train
CLM00619,train
CLM00620,train
CLM00621,test
CLM00622,test
CLM00623,train
CLM00624,train
CLM00625,train
CLM00626,test
CLM00627,train
CLM00628,train
CLM00629,train
CLM00630,train
CLM00631,validation
CLM00632,train
CLM00633,validation
CLM00634,validation
CLM00635,test
CLM00636,train
CLM00637,train
CLM00638,train
CLM00639,train
CLM00640,train
CLM00641,validation
CLM00642,validation
CLM00643,validation
CLM00644,train
CLM00645,test
CLM00646,test
CLM00647,train
CLM00648,train
CLM00649,train
CLM00650,test
CLM00651,train
CLM00652,test
CLM00653,train
CLM00654,train
CLM00655,train
CLM00656,train
CLM00657,train
CLM00658,validation
CLM00659,train
CLM00660,train
CLM00661,test
CLM00662,test
CLM00663,train
CLM00664,train
CLM00665,train
CLM00666,train
CLM00667,test
CLM00668,train
CLM00669,train
CLM00670,test
CLM00671,train
CLM00672,validation
CLM00673,validation
CLM00674,train
CLM00675,validation
CLM00676,train
CLM00677,validation
CLM00678,train
CLM00679,train
CLM00680,validation
CLM00681,train
CLM00682,test
CLM00683,train
CLM00684,train
CLM00685,validation
CLM00686,train
CLM00687,train
CLM00688,train
CLM00689,validation
CLM00690,test
CLM00691,test
CLM00692,validation
CLM00693,train
CLM00694,train
CLM00695,train
CLM00696,train
CLM00697,test
CLM00698,train
CLM00699,test
CLM00700,train
CLM00701,train
CLM00702,train
CLM00703,train
CLM00704,train
CLM00705,train
CLM00706,train
CLM00707,train
CLM00708,train
CLM00709,train
CLM00710,train
CLM00711,train
CLM00712,train
CLM00713,test
CLM00714,train
CLM00715,train
CLM00716,validation
CLM00717,train
CLM00718,validation
CLM00719,test
CLM00720,train
CLM00721,train
CLM00722,train
CLM00723,validation
CLM00724,train
CLM00725,train
CLM00726,test
CLM00727,test
CLM00728,train
CLM00729,train
CLM00730,train
CLM00731,test
CLM00732,validation
CLM00733,train
CLM00734,validation
CLM00735,test
CLM00736,train
CLM00737,train
CLM00738,train
CLM00739,train
CLM00740,train
CLM00741,train
CLM00742,train
CLM00743,train
CLM00744,train
CLM00745,test
CLM00746,train
CLM00747,test
CLM00748,train
CLM00749,train
CLM00750,train
CLM00751,train
CLM00752,validation
CLM00753,train
CLM00754,train
CLM00755,train
CLM00756,train
CLM00757,train
CLM00758,test
CLM00759,train
CLM00760,train
CLM00761,train
CLM00762,train
CLM00763,train
CLM00764,test
CLM00765,train
CLM00766,train
CLM00767,validation
CLM00768,validation
CLM00769,train
CLM00770,train
CLM00771,validation
CLM00772,train
CLM00773,train
CLM00774,test
CLM00775,train
CLM00776,train
CLM00777,train
CLM00778,train
CLM00779,train
CLM00780,test
CLM00781,test
CLM00782,train
CLM00783,train
CLM00784,train
CLM00785,train
CLM00786,train
CLM00787,validation
CLM00788,train
CLM00789,test
CLM00790,validation
CLM00791,validation
CLM00792,train
CLM00793,train
CLM00794,train
CLM00795,train
CLM00796,train
CLM00797,train
CLM00798,train
CLM00799,train
CLM00800,train
CLM00801,train
CLM00802,train
CLM00803,validation
CLM00804,validation
CLM00805,validation
CLM00806,test
CLM00807,validation
CLM00808,validation
CLM00809,train
CLM00810,train
CLM00811,train
CLM00812,test
CLM00813,train
CLM00814,train
CLM00815,validation
CLM00816,train
CLM00817,validation
CLM00818,train
CLM00819,test
CLM00820,train
CLM00821,train
CLM00822,train
CLM00823,test
CLM00824,train
CLM00825,train
CLM00826,train
CLM00827,train
CLM00828,train
CLM00829,train
CLM00830,validation
CLM00831,train
CLM00832,train
CLM00833,validation
CLM00834,test
CLM00835,validation
CLM00836,validation
CLM00837,train
CLM00838,train
CLM00839,test
CLM00840,test
CLM00841,train
CLM00842,train
CLM00843,train
CLM00844,train
CLM00845,train
CLM00846,test
CLM00847,train
CLM00848,train
CLM00849,train
CLM00850,train
CLM00851,validation
CLM00852,train
CLM00853,train
CLM00854,validation
CLM00855,train
CLM00856,train
CLM00857,validation
CLM00858,train
CLM00859,train
CLM00860,train
CLM00861,train
CLM00862,train
CLM00863,validation
CLM00864,train
CLM00865,train
CLM00866,train
CLM00867,train
CLM00868,train
CLM00869,train
CLM00870,test
CLM00871,test
CLM00872,train
CLM00873,validation
CLM00874,train
CLM00875,train
CLM00876,train
CLM00877,test
CLM00878,test
CLM00879,train
CLM00880,train
CLM00881,train
CLM00882,validation
CLM00883,test
CLM00884,train
CLM00885,validation
CLM00886,train
CLM00887,train
CLM00888,train
CLM00889,train
CLM00890,train
CLM00891,validation
CLM00892,test
CLM00893,train
CLM00894,train
CLM00895,train
CLM00896,validation
CLM00897,train
CLM00898,train
CLM00899,train
CLM00900,train
CLM00901,train
CLM00902,train
CLM00903,test
CLM00904,train
CLM00905,train
CLM00906,train
CLM00907,train
CLM00908,train
CLM00909,train
CLM00910,validation
CLM00911,train
CLM00912,train
CLM00913,validation
CLM00914,train
CLM00915,train
CLM00916,train
CLM00917,test
CLM00918,test
CLM00919,train
CLM00920,train
CLM00921,validation
CLM00922,train
CLM00923,train
CLM00924,train
CLM00925,train
CLM00926,validation
CLM00927,train
CLM00928,train
CLM00929,train
CLM00930,train
CLM00931,train
CLM00932,train
CLM00933,train
CLM00934,train
CLM00935,train
CLM00936,train
CLM00937,train
CLM00938,train
CLM00939,train
CLM00940,test
CLM00941,train
CLM00942,test
CLM00943,train
CLM00944,validation
CLM00945,train
CLM00946,train
CLM00947,train
CLM00948,train
CLM00949,train
CLM00950,train
CLM00951,test
CLM00952,train
CLM00953,train
CLM00954,train
CLM00955,train
CLM00956,train
CLM00957,train
CLM00958,train
CLM00959,train
CLM00960,test
CLM00961,train
CLM00962,validation
CLM00963,train
CLM00964,train
CLM00965,test
CLM00966,train
CLM00967,validation
CLM00968,validation
CLM00969,train
CLM00970,test
CLM00971,train
CLM00972,train
CLM00973,train
CLM00974,train
CLM00975,train
CLM00976,train
CLM00977,train
CLM00978,test
CLM00979,train
CLM00980,train
CLM00981,train
CLM00982,test
CLM00983,train
CLM00984,train
CLM00985,train
CLM00986,train
CLM00987,test
CLM00988,test
CLM00989,train
CLM00990,validation
CLM00991,validation
CLM00992,train
CLM00993,train
CLM00994,train
CLM00995,validation
CLM00996,validation
CLM00997,train
CLM00998,train
CLM00999,test
CLM01000,validation
CLM01001,train
CLM01002,train
CLM01003,train
CLM01004,train
CLM01005,train
CLM01006,train
CLM01007,train
CLM01008,test
CLM01009,validation
CLM01010,train
CLM01011,train
CLM01012,train
CLM01013,train
CLM01014,train
CLM01015,train
CLM01016,train
CLM01017,train
CLM01018,train
CLM01019,train
CLM01020,test
CLM01021,validation
CLM01022,test
CLM01023,train
CLM01024,test
CLM01025,train
CLM01026,train
CLM01027,train
CLM01028,train
CLM01029,train
CLM01030,train
CLM01031,validation
CLM01032,train
CLM01033,train
CLM01034,train
CLM01035,train
CLM01036,train
CLM01037,train
CLM01038,test
CLM01039,test
CLM01040,train
CLM01041,test
CLM01042,train
CLM01043,train
CLM01044,train
CLM01045,validation
CLM01046,train
CLM01047,validation
CLM01048,train
CLM01049,validation
CLM01050,test
CLM01051,train
CLM01052,train
CLM01053,train
CLM01054,train
CLM01055,validation
CLM01056,train
CLM01057,test
CLM01058,train
CLM01059,train
CLM01060,train
CLM01061,train
CLM01062,train
CLM01063,train
CLM01064,train
CLM01065,train
CLM01066,train
CLM01067,train
CLM01068,train
CLM01069,train
CLM01070,test
CLM01071,train
CLM01072,test
CLM01073,train
CLM01074,train
CLM01075,train
CLM01076,train
CLM01077,train
CLM01078,train
CLM01079,test
CLM01080,train
CLM01081,train
CLM01082,test
CLM01083,test
CLM01084,train
CLM01085,train
CLM01086,test
CLM01087,train
CLM01088,train
CLM01089,validation
CLM01090,train
CLM01091,train
CLM01092,test
CLM01093,train
CLM01094,train
CLM01095,test
CLM01096,train
CLM01097,train
CLM01098,train
CLM01099,train
CLM01100,train
CLM01101,validation
CLM01102,train
CLM01103,test
CLM01104,train
CLM01105,train
CLM01106,train
CLM01107,test
CLM01108,test
CLM01109,train
CLM01110,train
CLM01111,test
CLM01112,train
CLM01113,validation
CLM01114,train
CLM01115,train
CLM01116,train
CLM01117,validation
CLM01118,train
CLM01119,train
CLM01120,validation
CLM01121,train
CLM01122,validation
CLM01123,train
CLM01124,train
CLM01125,train
CLM01126,validation
CLM01127,validation
CLM01128,train
CLM01129,train
CLM01130,train
CLM01131,train
CLM01132,train
CLM01133,test
CLM01134,train
CLM01135,test
CLM01136,test
CLM01137,train
CLM01138,train
CLM01139,test
CLM01140,train
CLM01141,train
CLM01142,test
CLM01143,train
CLM01144,train
CLM01145,train
CLM01146,train
CLM01147,test
CLM01148,train
CLM01149,train
CLM01150,validation
CLM01151,train
CLM01152,train
CLM01153,train
CLM01154,train
CLM01155,validation
CLM01156,validation
CLM01157,train
CLM01158,test
CLM01159,train
CLM01160,train
CLM01161,train
CLM01162,train
CLM01163,train
CLM01164,test
CLM01165,test
CLM01166,train
CLM01167,train
CLM01168,train
CLM01169,train
CLM01170,train
CLM01171,train
CLM01172,validation
CLM01173,train
CLM01174,validation
CLM01175,train
CLM01176,train
CLM01177,train
CLM01178,train
CLM01179,train
CLM01180,train
CLM01181,validation
CLM01182,train
CLM01183,train
CLM01184,train
CLM01185,train
CLM01186,train
CLM01187,train
CLM01188,train
CLM01189,train
CLM01190,train
CLM01191,train
CLM01192,validation
CLM01193,train
CLM01194,train
CLM01195,validation
CLM01196,train
CLM01197,train
CLM01198,train
CLM01199,train
CLM01200,validation
