order_id,order_date,region,category,product,customer,quantity,unit_price,sales,cost
ORD-00414,2026-04-19,Karachi,Electronics,Keyboard,West Mart,3,12860.92,38582.76,23271.12
ORD-00497,2026-01-06,Multan,Electronics,Wireless Earbuds,Khyber Enterprises,1,15382.56,15382.56,8692.08
ORD-00282,2026-01-26,Karachi,Home Appliances,Microwave Oven,Prime Solutions,4,39692.79,158771.16,114652.08
ORD-00595,2026-01-11, Karachi ,Furniture,Study Desk,Khyber Stores,6,49618.35,297710.1,216183.54
ORD-00285,2026-01-26,Lahore,Electronics,Monitor,Crescent Traders,2,49395.15,98790.3,76407.16
ORD-00155,2026-05-30,Multan,CLOTHING,Formal Shirt,Prime Industries,3,6890.79,20672.37,12144.75
ORD-00263,2026-04-27,Multan,,Polo Shirt,Pak Ltd,5,4769.37,23846.85,14448.1
ORD-00551,2026-01-21,Multan,Clothing,Trousers,Royal Co,5,8625.79,43128.95,26080.45
ORD-00006,05-22-2026,,Office Supplies,Ink Cartridge,Green Mart,6,9319.75,55918.5,40545.12
ORD-00229,2026-06-26,Lahore,Clothing,Trousers,Falcon Industries,1,7672.42,7672.42,5026.38
ORD-00044,2026-02-12,Karachi,OFFICE SUPPLIES,Ink Cartridge,Unity Co,3,9369.15,28107.45,19966.32
ORD-00572,2026-05-16,Multan,Electronics,Smartphone,Green Solutions,3,93438.9,280316.7,234073.86
ORD-00405,2026-01-30,Lahore,,Trousers,Falcon Ltd,6,8784.67,52708.02,30822.9
ORD-00039,2026-05-08,Karachi,,Jacket,Alpha Stores,4,18587.22,74348.88,44731.52
ORD-00167,2026-01-06,lahore, Office Supplies ,Printer Paper Box,Vertex Traders,4,4458.22,17832.88,11706.96
ORD-00474,2026-06-19,Rawalpindi,FURNITURE,Office Chair,Nexus Stores,3,39707.35,119122.05,82712.19
ORD-00420,2026-03-15,Faisalabad,Home Appliances,Vacuum Cleaner,Sigma Mart,6,33207.98,199247.88,150392.7
ORD-00297,2026-03-19,Karachi,Office Supplies,Notebook Pack,Sigma Enterprises,3,1755.05,5265.15,3346.38
ORD-00136,2026-03-05,Karachi,ELECTRONICS,Wireless Earbuds,Green Stores,1,14576.94,14576.94,9361.75
ORD-00111,2026-04-26,Multan,Furniture,Filing Cabinet,Indus Enterprises,1,33466.4,"33,466.40",23019.14
ORD-00371,2026-02-20, Faisalabad ,Office Supplies,Ink Cartridge,Green Industries,5,9185.5,45927.5,33451.15
ORD-00403,2026-05-21,Faisalabad,Home Appliances,Vacuum Cleaner,Green Enterprises,6,33366.31,200197.86,143227.32
ORD-00539,2026-02-19,Karachi,Office Supplies,Ink Cartridge,Nexus Traders,6,9076.13,54456.78,43413.18
ORD-00104,2026-03-24,Lahore,Furniture,Bookshelf,Delta Mart,3,24166.14,"72,498.42",50986.11
ORD-00493,2026-05-10,Karachi,Furniture,Bookshelf,Beta Traders,5,24542.91,122714.55,84182.1
ORD-00118,2026-05-14,Lahore,Office Supplies,Ink Cartridge,Delta Traders,1,9262.88,9262.88,7114.03
ORD-00556,05-02-2026,Lahore,Furniture,Filing Cabinet,Horizon Solutions,2,31977.35,63954.7,48140.08
ORD-00355,2026-03-20,Karachi,Home Appliances,Air Fryer,Delta Ltd,1,29554.36,29554.36,20575.85
ORD-00491,07/02/2026,Lahore,Clothing,Formal Shirt,Zenith Mart,5,6340.19,31700.95,19782.95
ORD-00358,2026-06-24,Islamabad,Clothing,Jacket,Crescent Industries,1,16698.72,16698.72,11238.18
ORD-00306,2026-01-27,Karachi,Furniture,Study Desk,Pak Enterprises,3,46081.9,138245.7,108612.3
ORD-00445,2026-05-22,islamabad,FURNITURE,Study Desk,Crescent Co,4,51346.44,205385.76,136805.6
ORD-00153,2026-05-14,Faisalabad,Furniture,Study Desk,Beta Solutions,4,46791.74,187166.96,138527.28
ORD-00135,2026-02-12,Karachi,Clothing,Formal Shirt,Alpha Stores,2,6767.26,13534.52,7412.0
ORD-00534,2026-06-15,Rawalpindi, Clothing ,Jacket,Sigma Stores,6,18562.26,111373.56,68332.32
ORD-00224,2026-06-13,Faisalabad,Clothing,Jacket,Vertex Co,5,16901.81,84509.05,57237.6
ORD-00026,2026-01-07,Faisalabad,Electronics,Wireless Earbuds,Metro Co,4,14196.99,56787.96,35836.92
ORD-00576,2026-03-04,Islamabad,Clothing,Jacket,Crescent Ltd,6,16332.36,97994.16,69028.5
ORD-00116,2026-05-17,Islamabad,Clothing,Jacket,Crescent Enterprises,6,18625.69,111754.14,67447.98
ORD-00480,2026-01-03,Islamabad,Furniture,Study Desk,West Industries,4,45427.58,181710.32,144464.96
ORD-00264,2026-01-09, Rawalpindi ,Electronics,Monitor,Unity Industries,6,48984.49,293906.94,239386.32
ORD-00076,2026-03-02,Lahore,Clothing,Trousers,Royal Enterprises,6,8179.4,49076.4,30205.14
ORD-00542,2026-03-08,Lahore,Clothing,Jacket,Green Traders,6,17647.99,105887.94,69414.24
ORD-00435,2026-05-22,Karachi,Electronics,Monitor,Prime Ltd,2,51839.24,103678.48,79792.54
ORD-00166,2026-05-31,Karachi,Home Appliances,Vacuum Cleaner,Prime Solutions,6,33265.43,199592.58,147354.54
ORD-00002,2026-02-10,Karachi,Home Appliances,Electric Kettle,Nexus Industries,1,8023.25,8023.25,5470.13
ORD-00310,2026-06-01,Lahore,Home Appliances,Electric Kettle,Nexus Ltd,1,7940.89,7940.89,5440.72
ORD-00530,2026-03-02,Lahore,Home Appliances,Microwave Oven,Falcon Traders,1,38760.36,38760.36,28732.51
ORD-00131,2026-01-07,Karachi,clothing,Trousers,Indus Mart,6,8107.85,48647.1,31047.3
ORD-00292,2026-02-17,ISLAMABAD,Home Appliances,Air Fryer,Vertex Industries,3,28422.03,85266.09,65995.44
ORD-00240,2026-06-07,Karachi,Electronics,Laptop,Falcon Mart,3,174255.44,522766.32,"PKR 456,424.29"
ORD-00195,2026-04-14,Lahore,Furniture,Office Chair,Indus Enterprises,5,40367.6,201838.0,134188.65
ORD-00298,2026-04-03,Faisalabad,Clothing,Polo Shirt,West Traders,6,5053.16,30318.96,16587.0
ORD-00404,2026-06-21,Lahore,Office Supplies,Printer Paper Box,West Enterprises,6,4115.66,24693.96,17502.84
ORD-00205,2026-03-17,Lahore,Electronics,Keyboard,Pak Mart,5,12094.02,60470.1,38776.8
ORD-00139,2026-02-03,Karachi,Home Appliances,Electric Kettle,Horizon Solutions,3,8482.27,25446.81,16644.48
ORD-00342,2026-01-27,Lahore,Furniture,Office Chair,Delta Traders,1,39795.42,39795.42,27296.07
ORD-00436,2026-03-21,Lahore,clothing,Formal Shirt,Pak Enterprises,2,6115.25,12230.5,7601.3
ORD-00035,2026-02-23,Karachi,Electronics,Keyboard,Zenith Mart,1,11918.5,11918.5,7728.64
ORD-00525,2026-04-12,Faisalabad,Home Appliances,Electric Kettle,Alpha Traders,4,8179.91,"32,719.64",23332.0
ORD-00482,2026-04-21,Karachi,Home Appliances,Microwave Oven,Royal Solutions,3,41401.29,"124,203.87",91609.2
ORD-00257,2026-06-07,Karachi,Home Appliances,Electric Kettle,Sigma Enterprises,3,8482.94,25448.82,16296.75
ORD-00142,2026-01-13,Faisalabad,Furniture,Office Chair,Horizon Solutions,4,39234.31,156937.24,104466.32
ORD-00300,2026-01-04,Rawalpindi,Furniture,Study Desk,,1,46208.71,46208.71,35011.84
ORD-00201,2026-05-24,Karachi,Furniture,Filing Cabinet,Delta Stores,6,30422.73,182536.38,146130.0
ORD-00141,2026-01-25,karachi,Electronics,Smartphone,Crescent Industries,2,94052.56,188105.12,150488.84
ORD-00171,2026-04-13,faisalabad,Office Supplies,Desk Organizer,Delta Solutions,4,3287.45,13149.8,7825.64
ORD-00063,10/01/2026,Faisalabad,Electronics,Laptop,West Traders,5,188535.71,942678.55,731451.7
ORD-00187,17/05/2026,Rawalpindi,Electronics,Keyboard,Unity Enterprises,1,12939.15,"12,939.15",7466.62
ORD-00432,2026-05-11,Lahore,Electronics,Smartphone,Alpha Mart,1,93492.04,93492.04,73855.34
ORD-00559,2026-05-09,Faisalabad,Clothing,Polo Shirt,Green Co,3,5058.82,15176.46,8357.55
ORD-00320,2026-02-11,Faisalabad,Office Supplies,Desk Organizer,Sigma Mart,1,3107.54,3107.54,1820.22
ORD-00208,2026-05-07,Islamabad,Electronics,Smartphone,West Solutions,5,95259.92,476299.6,369439.55
ORD-00183,09/02/2026,Multan,Clothing,Jacket,Crescent Ltd,4,18348.51,73394.04,45024.72
ORD-00061,2026-04-13,Karachi,Furniture,Bookshelf,Unity Stores,2,22594.97,45189.94,34452.96
ORD-00204,2026-02-21,Karachi,Electronics,Wireless Earbuds,Nexus Ltd,6,15289.74,91738.44,56241.06
ORD-00163,2026-02-27,Rawalpindi,furniture,Bookshelf,Sigma Traders,5,23378.58,116892.9,87985.3
ORD-00439,2026-02-27,Lahore,Clothing,Formal Shirt,Beta Solutions,3,6945.24,20835.72,12191.25
ORD-00193,2026-01-03,Faisalabad,Clothing,Trousers,West Solutions,5,7798.66,"38,993.30",24631.0
ORD-00464,2026-05-29,Multan,Electronics,Smartphone,Crescent Mart,3,94991.32,284973.96,220718.31
ORD-00081,25/05/2026,Faisalabad,Electronics,Keyboard,Prime Traders,3,12845.87,38537.61,24024.69
ORD-00516,2026-03-18,Lahore,Clothing,Polo Shirt,Green Solutions,3,4696.42,14089.26,8247.6
ORD-00499,2026-01-21,Karachi,Office Supplies,Printer Paper Box,Nexus Co,1,4218.86,4218.86,2917.57
ORD-00574,2026-03-07,karachi,Office Supplies,Ink Cartridge,Horizon Mart,5,9632.96,48164.8,33463.1
ORD-00367,2026-01-07,Karachi,Electronics,Keyboard,Horizon Solutions,6,11751.65,70509.9,48154.44
ORD-00242,2026-06-14,Lahore,Furniture,Office Chair,Beta Co,2,38296.61,76593.22,53436.3
ORD-00514,2026-02-12,Faisalabad,Home Appliances,Vacuum Cleaner,Indus Industries,3,31320.89,93962.67,74947.44
ORD-00140,2026-03-09,Faisalabad,Furniture,Office Chair,Crescent Stores,2,40104.77,80209.54,53070.08
ORD-00323,2026-02-28,Karachi,Office Supplies,Notebook Pack,Jinnah Solutions,1,1782.28,1782.28,1092.18
ORD-00422,2026-05-19,Karachi,Furniture,Bookshelf,Pak Stores,2,22328.04,44656.08,34446.0
ORD-00465,2026-03-22,Karachi,Electronics,Smartphone,Beta Enterprises,6,99479.22,596875.32,460863.48
ORD-00244,2026-02-11,Karachi,Furniture,Bookshelf,Unity Solutions,1,24205.74,24205.74,16802.95
ORD-00014,2026-03-31,Lahore,Electronics,Keyboard,Unity Traders,6,12192.22,73153.32,49064.46
ORD-00122,2026-05-24,Islamabad,Furniture,Filing Cabinet,Indus Industries,4,30562.82,122251.28,94614.72
ORD-00005,2026-05-24,Lahore,Clothing,Jacket,Sigma Enterprises,2,18892.98,37785.96,21589.86
ORD-00151,2026-05-27,Karachi,Electronics,Laptop,Sigma Stores,3,194913.15,584739.45,449554.05
ORD-00438,2026-01-06,Karachi,Clothing,Polo Shirt,Indus Co,2,4464.87,8929.74,5445.62
ORD-00506,2026-04-08,Karachi,Home Appliances,Electric Kettle,Indus Industries,6,9117.48,54704.88,32782.56
ORD-00247,2026-06-27,Islamabad,HOME APPLIANCES,Electric Kettle,Nexus Co,1,8023.74,8023.74,5585.6
ORD-00217,2026-03-01, Karachi ,Home Appliances,Vacuum Cleaner,Pak Co,4,31926.99,127707.96,100106.4
ORD-00307,2026-06-20,Lahore,Electronics,Monitor,,1,49313.08,49313.08,38958.43
ORD-00214,2026-02-23,Karachi,Home Appliances,Microwave Oven,Crescent Enterprises,1,40779.96,40779.96,30071.95
ORD-00069,2026-05-12,Multan,electronics,Monitor,Pak Ltd,3,55617.68,166853.04,116004.3
ORD-00441,2026-02-02,Karachi,Furniture,Filing Cabinet,Indus Co,5,33568.81,167844.05,115543.2
ORD-00547,2026-01-02,Lahore,Office Supplies,Notebook Pack,Indus Enterprises,4,1854.48,7417.92,4545.8
ORD-00120,2026-04-28,Lahore,Home Appliances,Electric Kettle,Delta Ltd,5,8400.52,42002.6,28193.75
ORD-00461,2026-01-07,Faisalabad,Home Appliances,Electric Kettle,Prime Stores,3,8122.27,24366.81,17223.45
ORD-00521,15/02/2026,Islamabad,Clothing,Trousers,Green Industries,6,8054.91,48329.46,30693.24
ORD-00544,2026-02-10,Islamabad,Electronics,Wireless Earbuds,Alpha Mart,3,13838.97,41516.91,27126.3
ORD-00290,03-16-2026,Faisalabad,Home Appliances,Electric Kettle,Metro Mart,4,8642.85,34571.4,23155.12
ORD-00459,2026-01-26,Karachi,Office Supplies,Desk Organizer,Vertex Enterprises,1,3214.27,3214.27,1947.83
ORD-00440,2026-05-08,Faisalabad,Office Supplies,Printer Paper Box,Falcon Ltd,1,4448.88,4448.88,3143.41
ORD-00021,2026-02-13,,Clothing,Formal Shirt,Horizon Solutions,2,6700.98,13401.96,7585.22
ORD-00238,2026-05-27,Multan,Furniture,Study Desk,Horizon Solutions,2,49337.8,98675.6,70567.22
ORD-00337,2026-03-19,Lahore,Electronics,Smartphone,Sigma Traders,6,101468.19,608809.14,
ORD-00068,2026-05-27,Karachi,Furniture,Filing Cabinet,Falcon Industries,2,33681.08,67362.16,48415.92
ORD-00078,2026-02-10,Islamabad,Office Supplies,Notebook Pack,Indus Mart,1,1939.99,1939.99,1132.13
ORD-00429,01-29-2026,Lahore,home appliances,Electric Kettle,West Ltd,3,8850.15,26550.45,16862.97
ORD-00548,2026-03-30,Islamabad,Electronics,Keyboard,Metro Traders,2,13064.71,26129.42,15395.84
ORD-00009,2026-01-09,Karachi, Office Supplies ,Notebook Pack,West Mart,5,1709.72,8548.6,5739.55
ORD-00364,2026-02-19,Faisalabad,HOME APPLIANCES,Air Fryer,Indus Stores,6,28316.83,169900.98,120637.92
ORD-00483,2026-06-06,Islamabad,Office Supplies,Ink Cartridge,Falcon Mart,3,8992.02,26976.06,19682.25
ORD-00596,2026-06-13,FAISALABAD,Office Supplies,Ink Cartridge,Jinnah Ltd,6,9558.65,57351.9,41067.36
ORD-00057,2026-06-09,Karachi,Home Appliances,Electric Kettle,Khyber Ltd,1,8135.03,8135.03,5815.54
ORD-00377,2026-04-14,Rawalpindi,Electronics,Keyboard,Horizon Mart,2,13247.75,26495.5,15175.02
ORD-00574,2026-03-07,karachi,Office Supplies,Ink Cartridge,Horizon Mart,5,9632.96,48164.8,33463.1
ORD-00396,2026-03-08,Karachi,Electronics,Keyboard,Crescent Co,6,13202.84,79217.04,44517.72
ORD-00400,2026-05-14,Multan,Furniture,Bookshelf,Metro Ltd,5,23866.03,119330.15,83901.65
ORD-00213,2026-01-19,Karachi,Office Supplies,Ink Cartridge,Royal Ltd,5,9753.62,48768.1,33710.8
ORD-00203,2026-05-07,Islamabad,Home Appliances,Electric Kettle,Unity Stores,2,7947.85,15895.7,11513.44
ORD-00017,02-15-2026,rawalpindi,Furniture,Filing Cabinet,Jinnah Solutions,6,33907.51,203445.06,145381.56
ORD-00540,2026-03-12,Lahore,Clothing,Formal Shirt,Metro Mart,3,6311.92,18935.76,11525.31
ORD-00075,2026-06-26,Rawalpindi,Home Appliances,Vacuum Cleaner,Beta Enterprises,3,33855.37,101566.11,75642.36
ORD-00144,2026-05-01,Multan,Home Appliances,Microwave Oven,Beta Stores,2,40112.66,80225.32,58599.16
ORD-00098,2026-06-14,Lahore,Home Appliances,Vacuum Cleaner,Pak Enterprises,4,34994.62,139978.48,101986.32
ORD-00101,2026-03-02,ISLAMABAD,Electronics,Wireless Earbuds,Green Co,3,13617.58,40852.74,28211.01
ORD-00299,02/04/2026,Karachi,Clothing,Formal Shirt,Delta Solutions,5,6233.97,31169.85,19749.65
ORD-00346,2026-04-24,Rawalpindi,Furniture,Study Desk,Pak Solutions,3,45246.82,"135,740.46",105393.06
ORD-00119,2026-03-01,Karachi,Office Supplies,Desk Organizer,Royal Co,1,3329.95,3329.95,1972.79
ORD-00090,2026-03-30,Rawalpindi,Electronics,Keyboard,Falcon Enterprises,3,13374.42,40123.26,23859.03
ORD-00045,2026-03-07,Lahore,Electronics,Keyboard,West Industries,2,11763.49,23526.98,16294.56
ORD-00579,2026-01-19,,Office Supplies,Desk Organizer,Zenith Co,1,3168.7,3168.7,1860.82
ORD-00088,2026-06-30,Karachi,Office Supplies,Desk Organizer,Vertex Ltd,3,3435.21,10305.63,5677.02
ORD-00251,2026-05-14,Karachi,Clothing,Trousers,Nexus Enterprises,5,8469.16,42345.8,26263.8
ORD-00504,22/01/2026,Faisalabad,Furniture,Office Chair,Horizon Co,4,37532.58,150130.32,103079.68
ORD-00430,2026-02-18,Karachi,Home Appliances,Electric Kettle,Horizon Solutions,3,8829.82,26489.46,17937.3
ORD-00368,2026-06-16,Faisalabad,Office Supplies,Notebook Pack,Nexus Traders,4,1757.34,7029.36,4330.88
ORD-00082,2026-04-23,Lahore,Electronics,Wireless Earbuds,Pak Solutions,6,15633.95,"93,803.70",53164.98
ORD-00509,2026-01-12,Karachi,Furniture,Office Chair,Prime Enterprises,2,36503.04,73006.08,54379.98
ORD-00220,2026-04-09,Rawalpindi,Electronics,Monitor,Horizon Mart,6,54373.77,326242.62,234494.64
ORD-00129,2026-01-31,Karachi,Electronics,Monitor,Metro Ltd,1,54059.95,54059.95,"PKR 37,449.47"
ORD-00550,2026-01-03,Lahore,Office Supplies,Ink Cartridge,Zenith Mart,4,9203.57,36814.28,27970.16
ORD-00408,2026-05-05,Faisalabad,Home Appliances,Air Fryer,Sigma Ltd,1,28847.46,28847.46,20658.56
ORD-00582,2026-02-11,Lahore,CLOTHING,Jacket,Unity Ltd,4,16776.33,67105.32,46973.48
ORD-00113,2026-03-19,Karachi,Electronics,Wireless Earbuds,Indus Mart,4,15187.3,60749.2,35500.04
ORD-00446,2026-03-22,Lahore,Electronics,Wireless Earbuds,Delta Enterprises,6,14407.68,"86,446.08",52757.58
ORD-00402,2026-06-05,Rawalpindi,Furniture,Filing Cabinet,Pak Industries,6,33874.08,203244.48,146713.38
ORD-00383,2026-04-11,Faisalabad,Electronics,Keyboard,Horizon Mart,3,12874.98,38624.94,22386.18
ORD-00375,2026-02-28,Islamabad,Furniture,Filing Cabinet,Metro Industries,4,31722.97,126891.88,96862.36
ORD-00344,2026-02-05,Lahore,Furniture,Bookshelf,Unity Enterprises,1,23913.28,23913.28,17459.26
ORD-00048,2026-05-04,Faisalabad,Home Appliances,Vacuum Cleaner,Pak Ltd,1,31386.75,31386.75,25642.93
ORD-00486,2026-02-16,Lahore,Electronics,Monitor,Nexus Mart,6,50803.43,304820.58,244176.18
ORD-00169,2026-05-21, Multan ,Furniture,Office Chair,West Mart,1,39168.31,39168.31,28098.58
ORD-00533,2026-03-30,Karachi,Home Appliances,Vacuum Cleaner,Pak Industries,5,34300.15,171500.75,120874.1
ORD-00305,2026-03-21,Karachi,Furniture,Filing Cabinet,Sigma Ltd,2,33872.51,67745.02,48855.34
ORD-00518,2026-01-07,Multan,Furniture,Filing Cabinet,Delta Enterprises,5,30365.66,151828.3,116957.75
ORD-00353,2026-03-21,Lahore,Electronics,Keyboard,West Stores,5,12706.6,63533.0,37256.2
ORD-00121,2026-01-30,Lahore,Furniture,Study Desk,Vertex Solutions,5,47402.71,"237,013.55",169500.7
ORD-00010,26/01/2026,Rawalpindi, Home Appliances ,Microwave Oven,Falcon Co,2,37390.8,"74,781.60",60217.72
ORD-00133,2026-05-11,Karachi,Furniture,Office Chair,Indus Traders,3,39322.45,117967.35,"PKR 82,862.67"
ORD-00444,2026-04-17, Rawalpindi ,Office Supplies,Ink Cartridge,Alpha Industries,4,9421.42,,27151.04
ORD-00457,25/01/2026,Rawalpindi,,Keyboard,Horizon Stores,2,12751.77,25503.54,15157.18
ORD-00485,2026-06-23,Multan,Electronics,Wireless Earbuds,Prime Ltd,3,14783.56,44350.68,26117.91
ORD-00143,2026-04-09,Faisalabad,Clothing,Formal Shirt,,4,6807.37,27229.48,15380.2
ORD-00279,2026-06-01,Faisalabad,Office Supplies,Notebook Pack,Royal Co,2,1712.63,3425.26,2149.6
ORD-00568,2026-01-21,Islamabad,Electronics,Wireless Earbuds,Indus Stores,6,13882.34,83294.04,56356.2
ORD-00186,2026-04-22,Rawalpindi,Electronics,Monitor,Beta Solutions,6,50947.38,305684.28,"PKR 224,347.98"
ORD-00347,2026-03-08,Rawalpindi,Home Appliances,Microwave Oven,Unity Ltd,6,36620.68,,177713.64
ORD-00501,2026-05-18,Karachi,Office Supplies,Printer Paper Box,Khyber Traders,1,3941.69,3941.69,2981.57
ORD-00245,2026-04-18,,Electronics,Smartphone,Alpha Industries,1,104348.57,104348.57,79499.3
ORD-00146,2026-02-15,Karachi,Electronics,Keyboard,Unity Ltd,6,13344.8,80068.8,48084.06
ORD-00185,2026-04-06,Lahore,Electronics,Smartphone,Green Traders,3,98694.25,296082.75,238219.23
ORD-00074,2026-04-23,Multan,Clothing,Polo Shirt,Crescent Co,3,5129.5,15388.5,8416.2
ORD-00555,06-23-2026,KARACHI,Office Supplies,Notebook Pack,Metro Enterprises,3,1746.1,5238.3,3332.7
ORD-00354,2026-05-29,Islamabad,Furniture,Office Chair,Prime Solutions,4,40253.25,161013.0,102851.24
ORD-00560,12/06/2026,Karachi,Clothing,Formal Shirt,Alpha Ltd,5,6601.32,33006.6,19322.1
ORD-00490,2026-06-18,Islamabad,Electronics,Smartphone,Horizon Mart,2,98659.27,197318.54,155034.36
ORD-00348,2026-05-29,Islamabad,Clothing,Trousers,West Solutions,3,7994.02,23982.06,15555.39
ORD-00563,2026-01-07,KARACHI,Home Appliances,Microwave Oven,Royal Co,3,38606.66,115819.98,93846.51
ORD-00529,2026-06-07,Faisalabad,Office Supplies,Printer Paper Box,Metro Solutions,4,4064.78,16259.12,11773.76
ORD-00331,2026-06-14,,Clothing,Polo Shirt,Pak Enterprises,1,4751.18,4751.18,2709.84
ORD-00317,2026-02-05,Lahore,Electronics,Keyboard,Indus Enterprises,5,12097.14,60485.7,40499.8
ORD-00084,2026-06-17,Karachi,Electronics,Smartphone,Nexus Traders,3,101834.37,305503.11,234015.93
ORD-00558,2026-02-01,Multan,Clothing,Trousers,Pak Co,2,8569.26,17138.52,10694.08
ORD-00341,2026-04-02,Faisalabad,Clothing,Formal Shirt,Delta Stores,3,6464.85,19394.55,11837.55
ORD-00018,2026-02-19,KARACHI,Office Supplies,Ink Cartridge,Vertex Ltd,6,9560.9,57365.4,42143.22
ORD-00126,2026-04-05,Islamabad,Home Appliances,Microwave Oven,Nexus Enterprises,6,41957.08,251742.48,182427.12
ORD-00041,2026-03-14,Islamabad,Office Supplies,Notebook Pack,Vertex Co,4,1819.42,"7,277.68",4331.84
ORD-00218,2026-04-16,Karachi,electronics,Monitor,Sigma Stores,5,51891.58,"259,457.90",198909.2
ORD-00030,2026-03-04,Faisalabad,Electronics,Monitor,Alpha Mart,5,53120.59,265602.95,"PKR 192,640.30"
ORD-00334,2026-01-25,Faisalabad,Furniture,Office Chair,Royal Solutions,5,35432.73,177163.65,138246.95
ORD-00019,2026-05-11,Karachi,Electronics,Monitor,Horizon Ltd,1,52415.38,52415.38,40195.39
ORD-00058,2026-04-27,Rawalpindi,Office Supplies,Printer Paper Box,Beta Enterprises,1,4004.02,4004.02,3076.33
ORD-00388,2026-06-17,Lahore,Electronics,Wireless Earbuds,Horizon Co,6,14842.0,89052.0,51537.3
ORD-00390,2026-02-01, Rawalpindi ,Clothing,Formal Shirt,Falcon Co,2,6410.16,12820.32,7641.36
ORD-00492,2026-03-31,Lahore,Electronics,Smartphone,Royal Solutions,3,100782.22,302346.66,229439.76
ORD-00115,2026-05-20,Karachi,Office Supplies,Notebook Pack,Crescent Co,4,1889.38,7557.52,4545.76
ORD-00513,2026-03-08,karachi,Furniture,Study Desk,Horizon Solutions,5,48198.24,240991.2,181675.2
ORD-00379,2026-03-26, Multan ,Clothing,Polo Shirt,Vertex Co,4,4611.03,18444.12,11077.52
ORD-00431,2026-01-31,Lahore,Home Appliances,Microwave Oven,Falcon Industries,2,39775.05,79550.1,61180.24
ORD-00324,2026-02-22,Rawalpindi,Electronics,Monitor,Zenith Stores,4,49375.55,197502.2,161558.88
ORD-00178,2026-03-24,Multan,Home Appliances,Air Fryer,Khyber Mart,3,28205.89,84617.67,62010.0
ORD-00236,2026-06-16,Lahore,office supplies,Ink Cartridge,Green Stores,4,10070.15,40280.6,"PKR 27,687.12"
ORD-00227,2026-06-13,Rawalpindi,Furniture,Office Chair,Unity Ltd,2,39857.03,79714.06,54269.82
ORD-00249,2026-02-16,Karachi,Electronics,Laptop,,1,184950.58,184950.58,152391.64
ORD-00065,2026-06-18,Karachi,Electronics,Smartphone,Pak Solutions,3,95700.41,287101.23,231558.06
ORD-00125,2026-04-16,Faisalabad,Electronics,Smartphone,Indus Co,2,93289.78,186579.56,149295.88
ORD-00258,2026-06-16,Lahore,Clothing,Trousers,Sigma Co,5,7925.74,39628.7,24630.5
ORD-00210,2026-02-16,Islamabad,HOME APPLIANCES,Electric Kettle,Horizon Solutions,2,8613.06,17226.12,11806.2
ORD-00424,2026-04-20,Karachi,Home Appliances,Vacuum Cleaner,Alpha Ltd,2,31382.38,"62,764.76",50210.74
ORD-00216,2026-03-30,Karachi,,Filing Cabinet,Unity Solutions,3,30507.44,"91,522.32",67049.43
ORD-00072,2026-01-05,Karachi,Office Supplies,Printer Paper Box,Beta Ltd,5,4369.17,21845.85,14748.8
ORD-00515,2026-04-15, Lahore ,Office Supplies,Notebook Pack,Unity Enterprises,6,1723.53,10341.18,6775.56
ORD-00265,2026-01-14,Karachi,Furniture,Filing Cabinet,Khyber Industries,5,33282.31,166411.55,116571.95
ORD-00211,2026-03-18,Karachi,Electronics,Smartphone,Delta Mart,1,94307.37,94307.37,74132.6
ORD-00183,09/02/2026,Multan,Clothing,Jacket,Crescent Ltd,4,18348.51,73394.04,45024.72
ORD-00262,2026-05-02,,Furniture,Filing Cabinet,Falcon Solutions,2,31144.66,62289.32,48751.86
ORD-00401,05/02/2026, Karachi ,Clothing,Trousers,,3,8181.86,24545.58,15584.85
ORD-00583,2026-04-22,Karachi,Office Supplies,Desk Organizer,Metro Traders,4,2983.61,11934.44,7952.8
ORD-00204,2026-02-21,Karachi,Electronics,Wireless Earbuds,Nexus Ltd,6,15289.74,91738.44,56241.06
ORD-00189,2026-02-24,Lahore,Electronics,Smartphone,Green Traders,5,103410.8,517054.0,368384.4
ORD-00418,2026-01-13,Lahore,Furniture,Filing Cabinet,Unity Solutions,4,32603.09,130412.36,91735.16
ORD-00590,2026-04-28,Rawalpindi,Electronics,Wireless Earbuds,Crescent Solutions,3,14469.33,43407.99,27143.91
ORD-00053,2026-05-02,Islamabad,Furniture,Study Desk,Unity Industries,5,44952.23,224761.15,179956.45
ORD-00369,2026-02-21,Islamabad,Office Supplies,Desk Organizer,West Ltd,5,3308.36,"16,541.80",9834.4
ORD-00296,2026-05-15,Multan,Office Supplies,Printer Paper Box,Prime Solutions,1,4163.96,"4,163.96",3124.32
ORD-00600,2026-03-23,Rawalpindi,Clothing,Jacket,Pak Stores,5,17580.13,87900.65,54242.7
ORD-00586,06-04-2026,Lahore,Home Appliances,Electric Kettle,Zenith Enterprises,2,8316.67,16633.34,11445.58
ORD-00453,2026-01-28,Rawalpindi,electronics,Wireless Earbuds,Sigma Stores,1,14175.09,14175.09,9446.79
ORD-00147,2026-05-05,Multan, Office Supplies ,Ink Cartridge,Pak Industries,2,9783.38,19566.76,"PKR 14,233.94"
ORD-00175,2026-06-04,Faisalabad,Clothing,Polo Shirt,Indus Mart,3,4725.61,14176.83,"PKR 8,025.60"
ORD-00109,2026-02-28,Faisalabad,,Office Chair,Vertex Traders,1,39241.24,39241.24,26407.01
ORD-00237,2026-04-01,Multan,Clothing,Formal Shirt,Alpha Industries,6,6296.24,37777.44,23136.0
ORD-00511,2026-05-25,Lahore,Furniture,Office Chair,Unity Mart,5,39889.77,199448.85,136445.9
ORD-00527,2026-06-05,Lahore,Office Supplies,Ink Cartridge,West Mart,3,9488.94,28466.82,19871.34
ORD-00172,2026-06-25, Faisalabad ,Furniture,Filing Cabinet,Crescent Industries,1,34020.45,34020.45,23360.62
ORD-00382,2026-05-06,Rawalpindi,Electronics,Monitor,Khyber Co,3,53822.47,161467.41,119476.29
ORD-00064,2026-01-22,Karachi, Furniture ,Filing Cabinet,Nexus Industries,5,32269.19,161345.95,113490.25
ORD-00154,2026-06-10,Karachi,,Printer Paper Box,Metro Industries,1,4150.5,4150.5,2969.21
ORD-00494,2026-03-02,Rawalpindi,furniture,Filing Cabinet,Beta Enterprises,1,30057.25,30057.25,22913.64
ORD-00040,2026-02-09,Lahore,Electronics,Monitor,Pak Stores,4,50261.1,201044.4,156799.72
ORD-00012,2026-01-16,Islamabad,Clothing,Trousers,Green Enterprises,1,8807.76,8807.76,4885.86
ORD-00329,2026-02-13,ISLAMABAD,Office Supplies,Notebook Pack,,5,1943.46,9717.3,5227.25
ORD-00215,08/01/2026,Lahore,Home Appliances,Vacuum Cleaner,Jinnah Mart,4,35516.16,142064.64,98397.72
ORD-00287,2026-04-04,Lahore,Clothing,Jacket,Crescent Stores,3,16735.08,50205.24,33797.55
ORD-00573,2026-03-19,Rawalpindi,Home Appliances,Electric Kettle,Prime Traders,4,8297.72,"33,190.88",22944.28
ORD-00505,2026-03-09,Rawalpindi,Furniture,Filing Cabinet,Beta Enterprises,4,33516.54,134066.16,98028.52
ORD-00370,2026-06-09,,Home Appliances,Vacuum Cleaner,Alpha Ltd,2,32671.55,65343.1,50597.82
ORD-00391,2026-04-17,Karachi,Home Appliances,Electric Kettle,,3,8213.87,24641.61,17167.23
ORD-00541,2026-02-13,Lahore,Electronics,Smartphone,Horizon Solutions,3,103448.43,310345.29,231244.83
ORD-00124,2026-03-31,Lahore,Clothing,Trousers,Vertex Industries,2,8616.69,17233.38,10271.48
ORD-00419,2026-04-28,RAWALPINDI,Clothing,Jacket,Indus Industries,4,17641.56,70566.24,45778.72
ORD-00585,01-08-2026,faisalabad,Home Appliances,Microwave Oven,Unity Solutions,5,38475.67,192378.35,151477.6
ORD-00361,24/04/2026,Rawalpindi,Office Supplies,Ink Cartridge,Khyber Stores,2,8963.2,17926.4,13956.56
ORD-00526,2026-01-09,Rawalpindi, Office Supplies ,Notebook Pack,Crescent Enterprises,6,1910.69,11464.14,6838.92
ORD-00462,2026-04-14,Lahore,electronics,Smartphone,Pak Industries,5,92880.08,"464,400.40",382923.5
ORD-00024,2026-01-21,Islamabad,Office Supplies,Printer Paper Box,Prime Traders,4,4162.79,16651.16,"PKR 12,051.12"
ORD-00008,2026-05-21,Islamabad,home appliances,Air Fryer,Nexus Mart,6,27837.59,167025.54,132238.86
ORD-00106,2026-05-19,Lahore,Home Appliances,Microwave Oven,Falcon Stores,6,36553.81,219322.86,171114.9
ORD-00475,2026-02-23,Lahore,Furniture,Bookshelf,Unity Enterprises,6,23954.48,143726.88,98470.8
ORD-00105,2026-04-17,Karachi,Clothing,Trousers,Metro Industries,4,8303.29,33213.16,21304.68
ORD-00038,2026-01-27,Islamabad,Electronics,Monitor,,5,48646.24,"243,231.20",186967.15
ORD-00164,2026-02-05,Multan,HOME APPLIANCES,Vacuum Cleaner,Crescent Mart,2,32256.1,64512.2,50056.78
ORD-00114,2026-06-16,Karachi,Home Appliances,Air Fryer,Metro Industries,4,27848.13,111392.52,87902.44
ORD-00096,2026-04-25,Multan,Electronics,Keyboard,Green Ltd,5,12004.04,60020.2,39142.95
ORD-00235,21/06/2026,Islamabad,,Printer Paper Box,Zenith Industries,3,4013.3,12039.9,8805.6
ORD-00360,2026-05-06,Rawalpindi,Office Supplies,Printer Paper Box,Royal Enterprises,5,3925.5,"19,627.50",15498.15
ORD-00110,2026-05-25,Lahore,Home Appliances,Electric Kettle,Crescent Ltd,4,8868.4,35473.6,"PKR 21,979.08"
ORD-00535,2026-05-11,Lahore, Furniture ,Office Chair,Pak Mart,2,38532.83,77065.66,53337.48
ORD-00190,2026-03-26,Karachi,Electronics,Laptop,Zenith Industries,2,180868.56,361737.12,294539.12
ORD-00467,2026-03-06,Faisalabad,Electronics,Monitor,Khyber Solutions,1,52912.46,52912.46,40039.15
ORD-00481,2026-03-07,Lahore,HOME APPLIANCES,Electric Kettle,Zenith Mart,6,8330.52,49983.12,34260.96
ORD-00433,2026-06-13,,Electronics,Laptop,Horizon Enterprises,6,199245.66,1195473.96,931470.84
ORD-00261,2026-04-14,Karachi,Home Appliances,Microwave Oven,Nexus Enterprises,1,40384.62,40384.62,30962.26
ORD-00386,2026-04-24,Faisalabad,Office Supplies,Printer Paper Box,Zenith Traders,4,4340.92,"17,363.68","PKR 11,932.80"
ORD-00593,2026-01-16,Lahore,Electronics,Smartphone,Pak Stores,4,102698.8,410795.2,308440.96
ORD-00384,2026-01-12,,Office Supplies,Desk Organizer,Pak Traders,3,3334.06,10002.18,5902.8
ORD-00181,2026-06-15,Rawalpindi,Office Supplies,Ink Cartridge,,6,9781.9,58691.4,43165.62
ORD-00302,2026-06-18,Karachi,electronics,Laptop,Delta Stores,3,190575.52,571726.56,455302.02
ORD-00198,04-09-2026,Lahore, Home Appliances ,Vacuum Cleaner,Zenith Traders,2,33687.28,67374.56,47419.36
ORD-00156,2026-06-26,Multan,Home Appliances,Microwave Oven,Jinnah Mart,3,41051.71,123155.13,88227.48
ORD-00335,2026-03-29,,Electronics,Keyboard,Vertex Traders,3,13259.28,39777.84,22478.82
ORD-00415,2026-03-18,Karachi,Clothing,Jacket,Crescent Industries,3,16612.29,49836.87,34010.97
ORD-00274,2026-06-26,Islamabad,Home Appliances,Electric Kettle,Crescent Ltd,3,8774.34,"26,323.02",16930.05
ORD-00025,2026-04-10,Lahore,Office Supplies,Notebook Pack,Alpha Co,4,1733.24,"6,932.96",4371.76
ORD-00161,2026-03-12,Karachi,Office Supplies,Ink Cartridge,Beta Co,2,9048.65,18097.3,"PKR 14,166.36"
ORD-00409,2026-05-29,Multan,Furniture,Study Desk,Khyber Solutions,5,45630.44,228152.2,178429.2
ORD-00278,2026-06-01,Karachi,Office Supplies,Notebook Pack,Indus Traders,6,1773.88,"10,643.28",6378.9
ORD-00293,2026-03-17,Multan,Home Appliances,Air Fryer,Metro Enterprises,5,29619.52,148097.6,109434.05
ORD-00158,2026-02-20,Lahore,Clothing,Formal Shirt,Zenith Mart,6,6074.8,36448.8,23101.56
ORD-00471,16/05/2026,Islamabad,ELECTRONICS,Laptop,Nexus Co,4,192120.29,768481.16,578660.68
ORD-00466,2026-01-06,Karachi,Furniture,Study Desk,Falcon Industries,1,46998.29,46998.29,34019.16
ORD-00508,2026-05-07, Karachi ,Clothing,Formal Shirt,Unity Mart,2,6156.59,12313.18,7440.04
ORD-00421,2026-03-30,Multan,Home Appliances,Microwave Oven,Unity Stores,5,38894.61,194473.05,145028.0
ORD-00524,2026-06-10,Islamabad,Electronics,Keyboard,Pak Enterprises,1,13406.77,13406.77,7426.47
ORD-00512,2026-06-27,Faisalabad,Furniture,Bookshelf,Sigma Stores,5,24140.32,120701.6,88524.4
ORD-00372,2026-02-13,Multan,Home Appliances,Microwave Oven,Horizon Stores,1,37114.93,37114.93,31272.47
ORD-00416,2026-03-10,Karachi,Furniture,Study Desk,Prime Co,4,50555.29,202221.16,137429.04
ORD-00587,2026-04-14,Karachi,Electronics,Wireless Earbuds,West Industries,3,15030.25,45090.75,26897.79
ORD-00248,06/06/2026,Islamabad,Home Appliances,Microwave Oven,Khyber Co,4,40505.83,162023.32,121257.32
ORD-00288,2026-03-24,Islamabad,Electronics,Laptop,Unity Enterprises,3,181630.04,544890.12,443388.48
ORD-00327,2026-01-12,Multan,Electronics,Wireless Earbuds,Zenith Industries,4,14100.36,56401.44,37356.96
ORD-00054,2026-06-05,Islamabad,Clothing,Jacket,Royal Co,4,18885.9,75543.6,44936.88
ORD-00316,2026-06-15,karachi,Electronics,Wireless Earbuds,Beta Mart,6,14682.79,88096.74,54779.16
ORD-00304,2026-01-28,Lahore,Electronics,Smartphone,Delta Mart,4,92798.83,371195.32,318732.24
ORD-00352,2026-06-05,Islamabad, Office Supplies ,Desk Organizer,Zenith Co,2,3391.85,6783.7,3733.58
ORD-00043,2026-03-28,Karachi,Furniture,Filing Cabinet,Sigma Traders,3,32768.64,98305.92,73231.44
ORD-00194,2026-04-03,Faisalabad,Electronics,Wireless Earbuds,Jinnah Industries,1,15015.63,15015.63,9019.24
ORD-00223,2026-03-06,Lahore,Electronics,Monitor,Metro Mart,2,52780.27,105560.54,78340.24
ORD-00378,2026-04-17,Lahore,Furniture,Study Desk,Nexus Ltd,3,51432.15,154296.45,"PKR 99,851.64"
ORD-00219,2026-02-25,Rawalpindi,Home Appliances,Vacuum Cleaner,Falcon Traders,6,34607.55,"207,645.30",144504.66
ORD-00321,2026-05-21,Karachi,Electronics,Smartphone,Alpha Co,6,97658.05,585948.3,462434.1
ORD-00381,2026-02-22,Lahore,office supplies,Desk Organizer,West Stores,2,3265.78,6531.56,3966.88
ORD-00102,2026-05-02,Faisalabad,ELECTRONICS,Monitor,Vertex Solutions,1,52746.61,52746.61,40824.37
ORD-00392,2026-02-22,Lahore,Office Supplies,Notebook Pack,Royal Industries,2,1811.0,3622.0,2183.78
ORD-00070,2026-06-28,Lahore,CLOTHING,Formal Shirt,Vertex Co,1,6294.53,6294.53,4030.64
ORD-00345,2026-06-11,FAISALABAD,Home Appliances,Vacuum Cleaner,Khyber Ltd,4,35074.63,140298.52,99967.76
ORD-00145,01/06/2026,rawalpindi,Home Appliances,Air Fryer,Sigma Industries,5,30559.28,,108535.3
ORD-00443,2026-02-23, Karachi ,Home Appliances,Air Fryer,Prime Ltd,4,29638.92,118555.68,85647.44
ORD-00557,2026-04-05,Lahore,Furniture,Study Desk,West Co,5,48851.55,244257.75,177174.65
ORD-00280,2026-05-23,lahore,Electronics,Wireless Earbuds,Horizon Industries,5,14588.9,"72,944.50",44838.95
ORD-00202,12/06/2026,Karachi,Electronics,Keyboard,Nexus Enterprises,4,11790.26,47161.04,30460.84
ORD-00569,2026-05-14,KARACHI,office supplies,Desk Organizer,Beta Ltd,4,3023.17,12092.68,"PKR 7,890.04"
ORD-00273,2026-05-27,Karachi,Clothing,Formal Shirt,Metro Co,1,6692.99,6692.99,3808.91
ORD-00295,2026-03-14,Lahore,Clothing,Trousers,Prime Mart,6,8718.0,52308.0,31339.08
ORD-00412,2026-06-27,Karachi,Furniture,Filing Cabinet,Crescent Solutions,3,32502.83,97508.49,67676.07
ORD-00567,2026-02-27,Rawalpindi,Electronics,Smartphone,Alpha Stores,3,98472.22,295416.66,229582.5
ORD-00165,2026-01-23,Lahore,furniture,Filing Cabinet,Nexus Traders,4,29782.41,119129.64,94317.56
ORD-00336,2026-06-08,Islamabad,HOME APPLIANCES,Vacuum Cleaner,Horizon Enterprises,3,31123.79,93371.37,70818.09
ORD-00340,2026-04-03,Faisalabad,Clothing,Jacket,Falcon Solutions,6,18241.79,"109,450.74","PKR 68,322.60"
ORD-00538,2026-05-01,Lahore,Furniture,Office Chair,Falcon Solutions,1,37446.34,37446.34,27304.89
ORD-00267,2026-03-02,Faisalabad,Furniture,Office Chair,Sigma Co,2,38734.6,77469.2,55737.3
ORD-00051,2026-03-12, Faisalabad ,Furniture,Study Desk,Beta Ltd,6,49244.35,295466.1,219892.98
ORD-00487,2026-03-04,Islamabad,Home Appliances,Electric Kettle,Pak Traders,1,8868.05,8868.05,5638.82
ORD-00500,2026-06-25,Karachi,Office Supplies,Notebook Pack,Delta Mart,4,1863.36,7453.44,"PKR 4,421.80"
ORD-00246,2026-04-24, Karachi ,Clothing,Trousers,Nexus Traders,1,7853.35,7853.35,4873.08
ORD-00427,2026-02-16,Islamabad,ELECTRONICS,Laptop,Horizon Solutions,2,183185.61,366371.22,289306.3
ORD-00523,15/04/2026,Rawalpindi,Electronics,Wireless Earbuds,Pak Industries,4,14336.25,57345.0,35791.04
ORD-00581,02-25-2026,Faisalabad,Home Appliances,Microwave Oven,Horizon Co,4,36418.73,145674.92,124410.4
ORD-00469,26/06/2026,KARACHI,Furniture,Bookshelf,Zenith Stores,2,24341.91,48683.82,33611.0
ORD-00408,2026-05-05,Faisalabad,Home Appliances,Air Fryer,Sigma Ltd,1,28847.46,28847.46,20658.56
ORD-00589,2026-06-17,Karachi,Home Appliances,Electric Kettle,Vertex Mart,3,8933.91,26801.73,17078.37
ORD-00123,2026-05-20,FAISALABAD,Electronics,Monitor,Indus Industries,5,50064.63,250323.15,193540.5
ORD-00073,28/04/2026,Karachi,Office Supplies,Printer Paper Box,Vertex Mart,3,4494.02,13482.06,9013.86
ORD-00188,2026-04-11,Karachi, Clothing ,Jacket,Nexus Traders,6,18603.32,111619.92,70327.26
ORD-00127,2026-03-29,,Clothing,Polo Shirt,Royal Mart,1,4553.45,4553.45,2900.14
ORD-00437,2026-03-05,Multan,Clothing,Formal Shirt,Crescent Stores,1,6573.81,6573.81,4024.12
ORD-00034,2026-01-19,Karachi,Home Appliances,Electric Kettle,Prime Stores,1,9172.25,9172.25,5482.52
ORD-00284,2026-06-01,Karachi,FURNITURE,Study Desk,West Solutions,2,46996.53,93993.06,70556.26
ORD-00343,2026-02-09,Karachi,Home Appliances,Vacuum Cleaner,Sigma Ltd,4,34497.64,137990.56,93164.56
ORD-00060,2026-01-11,Karachi,Furniture,Filing Cabinet,Khyber Enterprises,5,31701.23,158506.15,119146.65
ORD-00545,18/03/2026,Multan,Electronics,Keyboard,West Co,1,12414.35,12414.35,8013.78
ORD-00200,2026-01-02,Karachi,Office Supplies,Ink Cartridge,West Industries,4,9351.23,37404.92,26647.2
ORD-00594,2026-02-06,Karachi,Electronics,Wireless Earbuds,Sigma Stores,5,13708.18,68540.9,45578.45
ORD-00338,2026-04-17,islamabad,Clothing,Jacket,West Mart,1,17554.68,17554.68,11184.43
ORD-00233,2026-05-28,Lahore,Furniture,Bookshelf,Khyber Solutions,3,24457.96,73373.88,48573.45
ORD-00173,2026-06-08,,Furniture,Filing Cabinet,Zenith Traders,2,33787.36,67574.72,47274.22
ORD-00314,2026-05-12,Karachi,Electronics,Keyboard,Royal Industries,2,12706.58,25413.16,15152.2
ORD-00398,2026-04-17,Karachi,Furniture,Study Desk,Delta Mart,2,48142.59,96285.18,70018.3
ORD-00309,04-24-2026, Lahore ,Home Appliances,Electric Kettle,Khyber Co,6,8114.28,48685.68,33962.94
ORD-00553,2026-06-08,Faisalabad,Office Supplies,Desk Organizer,Falcon Enterprises,1,3012.74,3012.74,1875.83
ORD-00255,2026-03-11,Karachi,Electronics,Laptop,Royal Traders,3,189068.05,567204.15,436840.02
ORD-00052,02/06/2026,,Electronics,Smartphone,Alpha Solutions,5,94824.62,474123.1,367630.9
ORD-00086,2026-06-07,KARACHI,Home Appliances,Vacuum Cleaner,Alpha Ltd,6,33476.48,200858.88,146630.94
ORD-00266,2026-03-16,Karachi,Electronics,Keyboard,Falcon Industries,1,13221.46,13221.46,7626.72
ORD-00303,2026-06-06,Karachi,clothing,Formal Shirt,Khyber Solutions,5,6256.57,31282.85,18898.5
ORD-00479,2026-05-09,Rawalpindi,,Air Fryer,Green Ltd,2,27852.11,55704.22,40191.7
ORD-00399,2026-01-28,karachi,Furniture,Bookshelf,Sigma Mart,1,23551.75,23551.75,17145.6
ORD-00179,2026-02-25,Karachi,Furniture,Study Desk,Unity Ltd,6,49320.62,295923.72,219624.84
ORD-00056,2026-04-01,Lahore,Home Appliances,Microwave Oven,West Stores,3,39782.4,119347.2,88664.82
ORD-00270,01-03-2026,,Electronics,Monitor,Horizon Traders,3,50071.45,150214.35,114464.58
ORD-00599,2026-03-05,Karachi,Office Supplies,Ink Cartridge,Vertex Ltd,2,9133.37,18266.74,14173.72
ORD-00473,2026-03-19,Islamabad,Home Appliances,Electric Kettle,Royal Enterprises,6,8122.18,48733.08,32961.18
ORD-00543,2026-05-09,Karachi,Clothing,Trousers,Delta Solutions,3,7894.45,23683.35,14934.09
ORD-00020,2026-06-28,Lahore,Home Appliances,Air Fryer,Alpha Industries,5,28937.92,144689.6,104013.8
ORD-00319,2026-06-19,Multan,OFFICE SUPPLIES,Ink Cartridge,Nexus Enterprises,5,9383.18,46915.9,34979.35
ORD-00478,2026-05-28,Karachi,Electronics,Keyboard,Delta Stores,6,12967.17,77803.02,46294.14
ORD-00228,2026-03-24,Karachi,Office Supplies,Ink Cartridge,Pak Traders,3,10205.35,30616.05,20591.31
ORD-00077,2026-03-09,Karachi,Clothing,Polo Shirt,Royal Solutions,2,4552.3,9104.6,5797.58
ORD-00260,2026-01-01,Lahore,Electronics,Keyboard,Metro Industries,5,12463.42,62317.1,"PKR 37,852.10"
ORD-00394,2026-01-19,Karachi,Home Appliances,Microwave Oven,Nexus Mart,1,41310.68,41310.68,30691.11
ORD-00362,2026-03-13,Lahore,Office Supplies,Notebook Pack,Falcon Industries,1,1832.8,1832.8,1127.06
ORD-00226,2026-04-17,Karachi,Clothing,Formal Shirt,Horizon Enterprises,6,6113.63,36681.78,22941.12
ORD-00452,14/06/2026,Rawalpindi,Office Supplies,Printer Paper Box,Green Co,2,4443.43,8886.86,5874.4
ORD-00468,2026-05-26,FAISALABAD,Furniture,Office Chair,Zenith Ltd,5,36782.46,183912.3,133782.4
ORD-00411,2026-04-07,,Electronics,Monitor,Royal Ltd,6,51340.39,308042.34,237096.6
ORD-00484,2026-06-01,Karachi,Furniture,Office Chair,Khyber Solutions,1,36773.17,"36,773.17",26595.59
ORD-00080,2026-03-19,Rawalpindi,Furniture,Bookshelf,Vertex Industries,1,23222.18,23222.18,17229.6
ORD-00426,2026-06-02,KARACHI,Furniture,Filing Cabinet,Green Stores,2,32724.54,65449.08,48077.46
ORD-00455,2026-02-17,Multan,Furniture,Bookshelf,Sigma Mart,2,23034.98,46069.96,35502.6
ORD-00177,2026-06-12,Rawalpindi,Furniture,Study Desk,Vertex Co,4,44671.23,178684.92,143307.0
ORD-00112,2026-03-11,LAHORE, Clothing ,Polo Shirt,Crescent Ltd,1,4482.91,4482.91,2759.1
ORD-00275,2026-06-28, Islamabad ,Furniture,Filing Cabinet,Alpha Stores,6,30669.43,"184,016.58",134453.34
ORD-00456,2026-06-20, Islamabad ,Home Appliances,Electric Kettle,,1,8096.9,8096.9,5676.44
ORD-00448,2026-06-22,Rawalpindi,Electronics,Smartphone,West Traders,1,99771.48,99771.48,75104.05
ORD-00517,2026-03-15,Faisalabad,Electronics,Wireless Earbuds,Jinnah Solutions,5,15123.79,75618.95,46910.3
ORD-00326,12/01/2026,Lahore,Furniture,Filing Cabinet,Vertex Traders,6,31540.33,189241.98,147599.64
ORD-00097,25/05/2026,Lahore,Home Appliances,Microwave Oven,Horizon Enterprises,4,37758.57,"151,034.28",114036.2
ORD-00089,2026-03-18,Islamabad,Furniture,Filing Cabinet,Jinnah Industries,3,32450.34,97351.02,73563.12
ORD-00036,2026-02-20,Islamabad,Home Appliances,Air Fryer,Zenith Industries,1,26759.95,26759.95,21614.52
ORD-00578,2026-05-28,Karachi,Electronics,Keyboard,Crescent Mart,1,12622.05,12622.05,8032.9
ORD-00289,2026-02-18,Karachi,HOME APPLIANCES,Electric Kettle,Falcon Mart,1,8044.44,8044.44,5572.29
ORD-00291,2026-03-15,Lahore,Furniture,Study Desk,Khyber Solutions,5,51293.75,256468.75,178706.7
ORD-00571,2026-06-10,MULTAN,Furniture,Bookshelf,Crescent Co,5,24013.82,120069.1,82136.6
ORD-00015,2026-02-23,ISLAMABAD,Electronics,Monitor,Crescent Co,3,55421.62,166264.86,"PKR 121,049.40"
ORD-00157,2026-01-23,Faisalabad,office supplies,Ink Cartridge,Khyber Co,1,9569.26,"9,569.26",6664.69
ORD-00575,2026-06-30,islamabad, Furniture ,Office Chair,Nexus Mart,1,38985.88,38985.88,26395.32
ORD-00168,2026-06-25,Islamabad,Office Supplies,Ink Cartridge,Delta Enterprises,5,9698.03,48490.15,33248.2
ORD-00003,30/06/2026,Islamabad,Office Supplies,Printer Paper Box,Royal Ltd,2,4451.88,8903.76,5928.08
ORD-00007,2026-05-10,Rawalpindi, Clothing ,Formal Shirt,Nexus Industries,5,6361.05,31805.25,18563.0
ORD-00271,2026-06-04,Faisalabad,Clothing,Trousers,Royal Enterprises,1,8481.65,8481.65,4974.2
ORD-00001,2026-06-13,karachi,electronics,Laptop,West Co,6,192603.53,1155621.18,892028.52
ORD-00087,2026-05-29,Islamabad,Electronics,Keyboard,Beta Enterprises,4,11902.08,47608.32,31763.88
ORD-00458,2026-06-16,Lahore,Home Appliances,Vacuum Cleaner,Green Mart,5,35511.65,177558.25,120488.9
ORD-00192,2026-01-05,Faisalabad,Clothing,Trousers,Vertex Mart,1,8304.46,8304.46,5122.17
ORD-00350,2026-05-05,RAWALPINDI,Home Appliances,Microwave Oven,Green Ltd,6,37513.96,225083.76,179520.42
ORD-00031,2026-01-22,Lahore,Electronics,Monitor,Alpha Enterprises,6,53912.37,323474.22,232787.28
ORD-00286,2026-04-05,Karachi,Clothing,Polo Shirt,Prime Industries,6,4703.69,28222.14,16014.96
ORD-00032,2026-04-27,Karachi,Electronics,Laptop,Green Stores,6,186920.23,1121521.38,911282.46
ORD-00311,2026-03-02,Multan,Electronics,Wireless Earbuds,Metro Traders,1,14219.27,14219.27,8567.74
ORD-00011,2026-03-02,Karachi,Furniture,Office Chair,Jinnah Mart,2,37500.15,75000.3,56620.66
ORD-00561,2026-02-19,Lahore,Home Appliances,Air Fryer,Metro Solutions,4,30511.28,122045.12,87539.64
ORD-00269,2026-04-01,Multan,Home Appliances,Electric Kettle,West Co,3,8245.54,24736.62,16413.06
ORD-00470,2026-03-23,Lahore, Electronics ,Wireless Earbuds,Zenith Ltd,4,13744.39,54977.56,35830.04
ORD-00385,2026-04-23,Faisalabad,,Laptop,Vertex Co,5,174839.29,874196.45,724766.7
ORD-00588,02-20-2026,Islamabad,Home Appliances,Air Fryer,Sigma Mart,2,28201.16,56402.32,39949.2
ORD-00174,13/03/2026,Karachi,Office Supplies,Desk Organizer,West Mart,2,3013.84,"6,027.68",3778.8
ORD-00598,2026-04-28,Multan,Home Appliances,Vacuum Cleaner,,6,35185.0,211110.0,142825.8
ORD-00325,2026-04-05,Karachi,FURNITURE,Bookshelf,Pak Co,6,23751.2,142507.2,99064.62
ORD-00519,2026-01-20,Karachi,Clothing,Formal Shirt,Beta Co,6,6715.74,40294.44,24317.94
ORD-00180,2026-04-19,KARACHI,Electronics,Laptop,Khyber Industries,2,179458.65,358917.3,304451.76
ORD-00117,2026-04-21,karachi,Office Supplies,Notebook Pack,West Solutions,4,1775.01,7100.04,4383.76
ORD-00103,04/06/2026,Karachi,Home Appliances,Air Fryer,Khyber Traders,4,27398.0,109592.0,87419.08
ORD-00206,2026-02-26,Karachi,Home Appliances,Microwave Oven,Crescent Co,6,41138.24,246829.44,175468.62
ORD-00134,2026-01-03,LAHORE, Office Supplies ,Ink Cartridge,Jinnah Enterprises,2,9364.91,18729.82,14144.7
ORD-00095,2026-06-26,Karachi,Clothing,Trousers,Zenith Ltd,2,8214.16,16428.32,10154.08
ORD-00047,2026-06-24,Multan,Office Supplies,Ink Cartridge,Falcon Enterprises,4,8882.54,35530.16,27227.0
ORD-00256,2026-06-29,Karachi,ELECTRONICS,Keyboard,Royal Solutions,1,13450.65,13450.65,7999.48
ORD-00130,2026-04-23,Rawalpindi,Home Appliances,Vacuum Cleaner,Delta Co,2,31119.11,62238.22,47042.28
ORD-00519,2026-01-20,Karachi,Clothing,Formal Shirt,Beta Co,6,6715.74,40294.44,24317.94
ORD-00528,2026-04-11,Rawalpindi,Furniture,Office Chair,Sigma Enterprises,4,39735.87,158943.48,107428.52
ORD-00091,05/02/2026,Lahore,home appliances,Vacuum Cleaner,Sigma Stores,6,35318.41,211910.46,"PKR 152,562.48"
ORD-00182,2026-06-12,Rawalpindi,Clothing,Trousers,Green Enterprises,6,8812.08,52872.48,29970.18
ORD-00160,2026-06-14, Faisalabad ,Furniture,Study Desk,Zenith Co,4,46815.44,187261.76,140288.92
ORD-00050,2026-05-19,Karachi,Furniture,Office Chair,Jinnah Traders,4,38849.22,155396.88,112741.76
ORD-00094,2026-02-05,Karachi,Furniture,Filing Cabinet,West Traders,3,34339.37,103018.11,69103.71
ORD-00536,2026-05-24,Karachi,Electronics,Monitor,Nexus Mart,6,51075.81,306454.86,222891.9
ORD-00434,2026-06-06,Islamabad,Electronics,Wireless Earbuds,Jinnah Traders,2,15073.79,30147.58,17603.44
ORD-00071,2026-06-11,Karachi,Furniture,Bookshelf,Crescent Ltd,2,24374.39,48748.78,32936.86
ORD-00243,2026-01-14,Lahore,Office Supplies,Printer Paper Box,West Solutions,6,4221.41,25328.46,17423.58
ORD-00093,2026-05-10,Karachi,Electronics,Monitor,Metro Industries,6,50366.67,302200.02,226657.08
ORD-00196,2026-06-22, Karachi ,Home Appliances,Microwave Oven,Green Solutions,2,36522.39,73044.78,60440.92
ORD-00209,04-28-2026,Islamabad,Furniture,Office Chair,Green Industries,3,37401.13,112203.39,83930.91
ORD-00413,2026-06-16,multan,HOME APPLIANCES,Air Fryer,Royal Ltd,5,29477.05,147385.25,99805.9
ORD-00199,2026-05-14,Islamabad,Furniture,Filing Cabinet,West Enterprises,4,31442.49,125769.96,"PKR 96,863.44"
ORD-00351,2026-01-08,Islamabad,Electronics,Wireless Earbuds,Sigma Traders,3,13953.89,41861.67,27861.63
ORD-00359,2026-03-29,Rawalpindi,Electronics,Wireless Earbuds,,3,13943.11,,28239.27
ORD-00294,2026-06-14,Rawalpindi,Office Supplies,Notebook Pack,Crescent Co,1,1696.57,1696.57,1138.44
ORD-00207,2026-02-18,rawalpindi,Home Appliances,Air Fryer,Zenith Ltd,2,27371.83,"54,743.66",40948.72
ORD-00049,06-22-2026,faisalabad,Clothing,Trousers,Khyber Co,6,7703.76,46222.56,31591.02
ORD-00046,2026-06-29,Islamabad,Electronics,Keyboard,Zenith Mart,6,13084.33,78505.98,49016.46
ORD-00170,2026-02-14,Lahore,Office Supplies,Desk Organizer,Beta Traders,6,3031.63,18189.78,11800.44
ORD-00496,2026-06-14,Karachi,Home Appliances,Electric Kettle,Falcon Enterprises,3,8693.56,26080.68,17200.38
ORD-00531,05-21-2026,Karachi,Home Appliances,Electric Kettle,West Solutions,5,8316.04,41580.2,29610.2
ORD-00254,06-18-2026,Rawalpindi,Clothing,Trousers,Vertex Ltd,3,7872.68,23618.04,14973.45
ORD-00476,2026-03-20,Karachi,Furniture,Office Chair,Royal Solutions,6,35968.14,215808.84,154168.74
ORD-00333,2026-06-23,KARACHI,Clothing,Formal Shirt,Sigma Industries,3,6501.51,"19,504.53",11207.64
ORD-00016,2026-06-26,Faisalabad,Clothing,Trousers,Beta Ltd,4,7782.76,31131.04,20008.84
ORD-00093,2026-05-10,Karachi,Electronics,Monitor,Metro Industries,6,50366.67,302200.02,226657.08
ORD-00428,2026-04-20, Karachi ,Electronics,Wireless Earbuds,Beta Solutions,6,14394.31,86365.86,53027.16
ORD-00092,2026-04-17,,Home Appliances,Vacuum Cleaner,Khyber Traders,4,31612.24,126448.96,100440.24
ORD-00389,2026-06-11, Multan ,Office Supplies,Ink Cartridge,Metro Mart,2,9740.38,"19,480.76","PKR 14,329.88"
ORD-00580,2026-05-28,Rawalpindi,Clothing,Trousers,Alpha Traders,2,7879.56,15759.12,9875.22
ORD-00308,2026-01-20,Lahore,,Bookshelf,Vertex Ltd,6,24112.44,144674.64,102048.9
ORD-00128,2026-06-17,Islamabad,,Printer Paper Box,Indus Co,4,4300.13,17200.52,"PKR 12,271.20"
ORD-00100,01-18-2026,Islamabad,Office Supplies,Printer Paper Box,Indus Stores,2,4372.54,8745.08,5941.36
ORD-00376,2026-02-28,Karachi,Electronics,Smartphone,Jinnah Stores,6,95979.85,575879.1,
ORD-00083,2026-04-18,Karachi,Furniture,Bookshelf,Unity Mart,2,25067.24,50134.48,33994.1
ORD-00564,2026-05-04,Islamabad,Electronics,Monitor,Royal Ltd,2,54264.45,108528.9,76771.06
ORD-00212,2026-05-28,Karachi,Office Supplies,Ink Cartridge,Royal Enterprises,3,9794.3,29382.9,20674.11
ORD-00272,2026-04-08,Karachi,Home Appliances,Air Fryer,Horizon Co,4,26801.68,107206.72,88027.16
ORD-00033,2026-01-04,Karachi,Electronics,Wireless Earbuds,Sigma Enterprises,6,15538.39,93230.34,54744.48
ORD-00315,2026-02-08,Faisalabad,Furniture,Office Chair,Khyber Solutions,6,36500.28,219001.68,160581.48
ORD-00037,2026-06-04,Multan,Home Appliances,Microwave Oven,Green Mart,6,41075.31,246451.86,181372.44
ORD-00577,2026-03-08,Karachi,,Monitor,Beta Traders,4,51451.2,205804.8,155787.16
ORD-00062,2026-06-17,Islamabad,FURNITURE,Filing Cabinet,Zenith Ltd,6,34195.94,205175.64,141909.36
ORD-00592,13/03/2026,Multan,,Filing Cabinet,Royal Ltd,5,34425.64,172128.2,122126.5
ORD-00184,2026-03-26,Rawalpindi,Clothing,Formal Shirt,Zenith Stores,1,6697.22,6697.22,3878.81
ORD-00387,2026-06-24,Faisalabad,Office Supplies,Notebook Pack,Delta Ltd,6,1719.1,10314.6,6544.32
ORD-00365,2026-05-02,karachi,Furniture,Study Desk,Delta Mart,1,50225.4,50225.4,35418.48
ORD-00028,2026-03-21,Lahore,Home Appliances,Air Fryer,Indus Enterprises,1,29036.22,29036.22,21694.2
ORD-00313,2026-04-13,Multan,Office Supplies,Printer Paper Box,Unity Mart,5,4118.21,20591.05,14350.9
ORD-00498,03-09-2026, Lahore ,Electronics,Laptop,Metro Traders,2,177717.47,355434.94,305376.16
ORD-00004,2026-03-11,Lahore,Office Supplies,Printer Paper Box,Pak Industries,2,4423.74,8847.48,6183.02
ORD-00522,2026-03-15,Karachi,Furniture,Study Desk,Nexus Co,4,51525.47,206101.88,142248.6
ORD-00162,2026-05-27,Rawalpindi,Office Supplies,Desk Organizer,Green Solutions,6,3148.08,18888.48,11172.24
ORD-00552,2026-01-07,Lahore,Electronics,Wireless Earbuds,Nexus Traders,3,14868.26,44604.78,27258.6
ORD-00415,2026-03-18,Karachi,Clothing,Jacket,Crescent Industries,3,16612.29,49836.87,34010.97
ORD-00502,2026-02-22,Lahore,Home Appliances,Air Fryer,Vertex Industries,4,29553.65,118214.6,87708.0
ORD-00277,2026-02-13,Faisalabad,Electronics,Keyboard,Prime Ltd,5,12038.57,60192.85,40187.35
ORD-00393,2026-04-03,LAHORE,Clothing,Polo Shirt,Alpha Co,2,5054.11,10108.22,5764.4
ORD-00148,2026-06-06,Multan,ELECTRONICS,Laptop,Crescent Ltd,2,181673.98,363347.96,290657.76
ORD-00417,2026-03-11,Karachi,Electronics,Smartphone,Delta Solutions,4,105131.21,420524.84,312595.12
ORD-00239,2026-05-23,Karachi,Home Appliances,Air Fryer,Prime Co,6,26631.04,159786.24,"PKR 123,715.44"
ORD-00339,2026-03-30,Karachi,Office Supplies,Desk Organizer,West Ltd,3,3186.29,9558.87,5704.35
ORD-00312,2026-05-27,Islamabad,Electronics,Monitor,Green Industries,5,54689.37,273446.85,198264.05
ORD-00318,2026-03-12,Islamabad,Clothing,Jacket,Prime Mart,6,18765.37,"112,592.22",65966.82
ORD-00463,01-21-2026,Rawalpindi,Home Appliances,Electric Kettle,Khyber Stores,2,8210.65,16421.3,11853.62
ORD-00221,2026-04-03,Karachi,Electronics,Monitor,West Enterprises,3,48477.53,145432.59,120444.36
ORD-00406,2026-06-23,Islamabad,Clothing,Formal Shirt,Metro Solutions,4,6053.96,24215.84,16149.68
ORD-00078,2026-02-10,Islamabad,Office Supplies,Notebook Pack,Indus Mart,1,1939.99,1939.99,1132.13
ORD-00566,2026-05-13,Karachi,Furniture,Study Desk,Nexus Co,5,50778.8,253894.0,171750.2
ORD-00503,2026-01-21,Multan,Electronics,Keyboard,Falcon Traders,2,11855.15,23710.3,15950.86
ORD-00029,2026-06-15,Faisalabad,Electronics,Wireless Earbuds,Falcon Co,6,15424.18,92545.08,53782.62
ORD-00259,2026-05-27,Islamabad,Furniture,Office Chair,Crescent Enterprises,4,36344.19,145376.76,112923.56
ORD-00283,26/05/2026,Karachi,Home Appliances,Vacuum Cleaner,Khyber Solutions,4,31537.45,126149.8,96467.04
ORD-00537,2026-02-20,Karachi, Furniture ,Office Chair,Alpha Industries,3,40560.1,121680.3,"PKR 81,022.62"
ORD-00096,2026-04-25,Multan,Electronics,Keyboard,Green Ltd,5,12004.04,60020.2,39142.95
ORD-00066,2026-05-15,Lahore,Electronics,Wireless Earbuds,Sigma Stores,2,15553.79,31107.58,"PKR 17,715.12"
ORD-00152,2026-06-14,Faisalabad, Furniture ,Filing Cabinet,Indus Industries,1,31023.82,31023.82,23417.89
ORD-00489,30/01/2026,Karachi,Home Appliances,Microwave Oven,Unity Mart,2,37465.12,74930.24,59842.46
ORD-00356,2026-05-10,Karachi,Furniture,Filing Cabinet,Indus Traders,1,32084.02,32084.02,23282.61
ORD-00059,2026-05-05,KARACHI,Home Appliances,Microwave Oven,Falcon Industries,1,37465.88,37465.88,31335.97
ORD-00460,2026-02-01,Lahore,Home Appliances,Vacuum Cleaner,Unity Industries,1,35341.1,35341.1,
ORD-00023,2026-06-06,Lahore,Home Appliances,Vacuum Cleaner,Jinnah Stores,2,34371.09,68742.18,48875.9
ORD-00176,2026-06-12,Lahore,Office Supplies,Printer Paper Box,Prime Enterprises,2,4216.23,8432.46,6193.1
ORD-00067,2026-06-08,Karachi,Home Appliances,Air Fryer,Indus Mart,6,28376.05,170256.3,124876.8
ORD-00447,02-21-2026,Karachi,Home Appliances,Microwave Oven,Beta Ltd,5,42040.99,210204.95,149757.1
ORD-00510,09/06/2026,Lahore,Electronics,Smartphone,Metro Ltd,5,91515.37,457576.85,384143.45
ORD-00449,2026-02-11,Multan,Clothing,Jacket,Nexus Co,4,18336.55,73346.2,44078.8
ORD-00472,2026-06-08,Faisalabad,Electronics,Wireless Earbuds,,6,15060.25,90361.5,"PKR 52,522.26"
ORD-00055,2026-04-27,KARACHI,Furniture,Bookshelf,Sigma Enterprises,3,25752.93,77258.79,51952.8
ORD-00276,2026-01-11, Islamabad ,Clothing,Trousers,Beta Solutions,6,8338.6,50031.6,31899.96
ORD-00477,27/03/2026,Karachi,Electronics,Monitor,Horizon Co,6,55598.56,333591.36,226837.98
ORD-00591,2026-02-08,Karachi,Clothing,Trousers,Nexus Solutions,6,8791.01,52746.06,30694.44
ORD-00357,2026-02-22,Lahore,Electronics,Smartphone,Vertex Mart,5,105143.41,525717.05,397531.4
ORD-00234,2026-01-22,Multan,Home Appliances,Electric Kettle,Khyber Mart,1,8342.67,8342.67,5873.44
ORD-00108,2026-03-04,Islamabad,Home Appliances,Microwave Oven,Sigma Traders,1,38640.88,38640.88,29631.51
ORD-00322,2026-04-16,Lahore,Office Supplies,Ink Cartridge,Khyber Stores,2,9814.64,"19,629.28",14250.94
ORD-00549,2026-04-19, Islamabad ,Furniture,Bookshelf,Unity Enterprises,4,22966.26,91865.04,67307.88
ORD-00488,2026-05-25,Karachi,Office Supplies,Printer Paper Box,Sigma Solutions,6,4035.19,24211.14,
ORD-00520,2026-05-31,Islamabad,Electronics,Smartphone,Khyber Solutions,4,103103.87,,311100.24
ORD-00099,2026-01-01,Lahore,Office Supplies,Desk Organizer,,5,3158.05,15790.25,9243.2
ORD-00132,2026-06-24,Multan,Electronics,Keyboard,Beta Co,1,11650.86,11650.86,7578.28
ORD-00552,2026-01-07,Lahore,Electronics,Wireless Earbuds,Nexus Traders,3,14868.26,44604.78,27258.6
ORD-00253,2026-05-04,Rawalpindi,Electronics,Laptop,Beta Mart,5,190828.9,954144.5,712821.05
ORD-00330,2026-03-24,Faisalabad,Office Supplies,Desk Organizer,Alpha Ltd,6,3434.5,20607.0,11507.4
ORD-00138,2026-03-20,Karachi,clothing,Formal Shirt,Indus Co,2,6738.86,13477.72,7482.56
ORD-00079,2026-05-15,Islamabad,Electronics,Wireless Earbuds,Unity Ltd,6,13646.31,81877.86,53815.5
ORD-00366,2026-06-06,Islamabad,Clothing,Jacket,Prime Stores,4,17329.42,69317.68,45325.52
ORD-00554,2026-01-21,Karachi,Electronics,Wireless Earbuds,Indus Traders,3,14823.89,44471.67,27105.72
ORD-00328,2026-02-18,Karachi,Electronics,Monitor,Sigma Traders,4,49264.99,197059.96,162164.72
ORD-00241,2026-04-16,Karachi,Electronics,Smartphone,Metro Mart,4,103886.8,415547.2,303694.28
ORD-00374,2026-05-07,Islamabad,Office Supplies,Printer Paper Box,Indus Co,2,4044.3,8088.6,5821.8
ORD-00380,2026-01-07,Multan,Electronics,Smartphone,Beta Ltd,3,100835.68,302507.04,218195.52
ORD-00442,2026-02-26,Karachi,Home Appliances,Microwave Oven,Delta Traders,3,39536.49,118609.47,94118.55
ORD-00270,01-03-2026,,Electronics,Monitor,Horizon Traders,3,50071.45,150214.35,114464.58
ORD-00373,2026-02-08,Rawalpindi,Home Appliances,Vacuum Cleaner,Zenith Enterprises,2,34290.13,68580.26,50394.86
ORD-00268,2026-02-12,Lahore,Home Appliances,Air Fryer,Jinnah Solutions,4,29427.01,117708.04,83076.6
ORD-00397,2026-06-18,Rawalpindi,Office Supplies,Printer Paper Box,,1,4306.79,4306.79,3083.01
ORD-00410,2026-04-20,Karachi,Furniture,Filing Cabinet,,2,34296.3,68592.6,45201.54
ORD-00532,2026-02-04,Lahore,Furniture,Study Desk,Alpha Industries,2,48027.55,96055.1,73453.18
ORD-00191,2026-03-12,Rawalpindi,Home Appliances,Vacuum Cleaner,Vertex Enterprises,4,32465.77,129863.08,96093.64
ORD-00423,2026-04-28,Karachi,Home Appliances,Air Fryer,Sigma Stores,4,28020.63,112082.52,80651.24
ORD-00197,2026-06-19,Karachi,Clothing,Polo Shirt,Zenith Solutions,4,4586.81,18347.24,11570.0
ORD-00565,2026-03-16,Islamabad,Furniture,Filing Cabinet,Falcon Solutions,6,31175.42,"187,052.52",144436.62
ORD-00570,2026-01-29,Islamabad,Clothing,Polo Shirt,Jinnah Mart,1,4645.26,4645.26,2774.01
ORD-00425,2026-06-20,Lahore,Clothing,Trousers,Pak Co,3,8549.84,"25,649.52",15728.91
ORD-00450,2026-01-04,Lahore, Home Appliances ,Microwave Oven,Khyber Solutions,4,36820.57,147282.28,117764.64
ORD-00495,2026-03-06,Karachi,Office Supplies,Desk Organizer,West Traders,5,3364.16,16820.8,9207.7
ORD-00022,2026-05-07,Islamabad,Home Appliances,Microwave Oven,Unity Mart,4,37550.22,150200.88,123649.32
ORD-00250,2026-03-24,Karachi,Furniture,Office Chair,Sigma Mart,2,36445.89,72891.78,55802.66
ORD-00304,2026-01-28,Lahore,Electronics,Smartphone,Delta Mart,4,92798.83,371195.32,318732.24
ORD-00013,2026-05-14,Islamabad,,Bookshelf,Royal Ltd,4,22791.16,91164.64,68989.4
ORD-00149,2026-04-16,Lahore,Electronics,Monitor,Green Mart,5,53437.56,267187.8,198649.65
ORD-00222,2026-06-25,Multan,Clothing,Formal Shirt,Delta Solutions,3,6673.46,"20,020.38",11935.56
ORD-00451,2026-02-05,Lahore,Furniture,Bookshelf,Falcon Mart,4,23792.52,95170.08,68813.84
ORD-00232,2026-01-22,Lahore,Electronics,Monitor,Falcon Mart,5,51749.03,258745.15,198858.5
ORD-00597,2026-05-25,Multan,Furniture,Office Chair,Delta Enterprises,5,40117.77,200588.85,136926.15
ORD-00225,02-03-2026,Karachi,electronics,Laptop,Sigma Industries,5,189858.61,949293.05,731756.3
ORD-00230,2026-02-14,RAWALPINDI,Home Appliances,Microwave Oven,West Co,5,40027.19,200135.95,143060.55
ORD-00507,2026-03-24,Lahore,Electronics,Laptop,Vertex Stores,4,173076.85,692307.4,583636.44
ORD-00027,16/06/2026,Karachi,Electronics,Laptop,Delta Stores,5,176278.61,881393.05,712340.35
ORD-00281,2026-04-22,faisalabad,Furniture,Office Chair,Green Traders,6,35639.0,213834.0,162605.22
ORD-00159,2026-02-11,Karachi,Electronics,Smartphone,Unity Traders,6,94178.95,565073.7,462912.36
ORD-00562,2026-01-29,Faisalabad,HOME APPLIANCES,Air Fryer,Beta Co,4,29591.75,118367.0,80386.68
ORD-00252,2026-03-20,Karachi,furniture,Filing Cabinet,Khyber Stores,2,31543.6,63087.2,48548.46
ORD-00042,2026-04-08,Faisalabad,Home Appliances,Vacuum Cleaner,Metro Enterprises,1,31314.92,31314.92,25640.12
ORD-00454,2026-01-16,Lahore,Furniture,Office Chair,Prime Industries,2,40287.72,80575.44,56444.28
ORD-00231,2026-01-03,Karachi,Clothing,Jacket,Indus Solutions,5,17757.9,88789.5,55030.25
ORD-00332,2026-03-21,Lahore,Electronics,Wireless Earbuds,Pak Mart,5,13919.72,69598.6,44754.5
ORD-00085,2026-01-31,Lahore,Home Appliances,Electric Kettle,Unity Traders,2,8158.8,16317.6,11410.4
ORD-00584,2026-06-19,faisalabad,Furniture,Study Desk,Green Ltd,5,51590.16,257950.8,"PKR 179,234.40"
ORD-00301,2026-05-14,Rawalpindi,Electronics,Laptop,Indus Industries,2,175621.83,351243.66,"PKR 301,749.62"
ORD-00107,05-17-2026,lahore,Electronics,Wireless Earbuds,Prime Solutions,1,14577.32,14577.32,9178.07
ORD-00395,2026-02-01,Karachi,Furniture,Bookshelf,,6,23574.88,141449.28,104133.12
ORD-00137,2026-03-16,,Furniture,Filing Cabinet,Indus Solutions,2,33275.82,66551.64,"PKR 47,218.82"
ORD-00407,2026-03-23,Karachi,Home Appliances,Vacuum Cleaner,Pak Traders,6,34792.0,"208,752.00",146926.86
ORD-00363,2026-06-24,Multan,Office Supplies,Printer Paper Box,Jinnah Enterprises,3,4178.51,12535.53,9445.59
ORD-00546,2026-06-19,Multan,Furniture,Study Desk,Alpha Solutions,3,47942.74,143828.22,101486.1
ORD-00349,2026-01-21,Karachi,Electronics,Laptop,Vertex Co,3,190831.82,572495.46,439682.25
ORD-00150,2026-01-24,Faisalabad,Office Supplies,Desk Organizer,Green Traders,6,3055.2,18331.2,11844.3
