order_id,order_date,region,city,channel,customer_segment,product_id,quantity,unit_price,discount_pct,delivery_days,rating,returned,payment_method
ORD-0001,2025-11-24,South,Hyderabad,Online,Consumer,P001,5,4082.01,0.05,1,3.8,No,Cash
ORD-0002,2025-05-23,Central,Lahore,Retail Store,Consumer,P004,2,38683.49,0.15,0,4.8,No,Card
ORD-0003,2025-08-24,North,Rawalpindi,Online,Consumer,P008,2,132612.63,0.05,4,4.7,No,Card
ORD-0004,2025-05-23,North,Rawalpindi,Online,Consumer,P009,1,18621.14,0.0,3,4.2,No,Digital Wallet
ORD-0005,2025-12-17,South,Karachi,Online,Consumer,P003,2,6092.49,0.15,1,3.9,No,Digital Wallet
ORD-0006,2025-05-07,Central,Faisalabad,Retail Store,Consumer,P007,2,243823.49,0.15,1,5,No,Cash
ORD-0007,2025-03-23,Central,Faisalabad,Retail Store,Consumer,P007,2,248433.22,0.15,0,4.1,No,Cash
ORD-0008,2025-05-31,North,Rawalpindi,Online,SME,P009,2,18508.53,0.0,2,3.4,No,Card
ORD-0009,2025-09-29,West,Peshawar,Retail Store,Consumer,P003,2,6035.55,0.1,0,3.4,No,Bank Transfer
ORD-0010,2025-03-06,South,Hyderabad,Corporate,Consumer,P005,2,60129.91,0.1,2,3.3,No,Bank Transfer
ORD-0011,2025-09-22,North,Islamabad,Online,Consumer,P007,1,249315.99,0.0,3,4.0,No,Card
ORD-0012,2025-05-23,Central,Lahore,Retail Store,SME,P011,4,21867.16,0.1,0,5,No,Bank Transfer
ORD-0013,2025-12-01,West,Quetta,Online,SME,P010,1,27085.28,0.0,6,3.5,No,Digital Wallet
ORD-0014,2025-10-09,South,Karachi,Corporate,Enterprise,P011,4,21481.48,0.05,2,4.1,No,Digital Wallet
ORD-0015,2025-08-21,South,Hyderabad,Online,Consumer,P012,3,35530.19,0.05,2,3.0,No,Digital Wallet
ORD-0016,2025-11-01,South,Karachi,Online,Enterprise,P006,8,168952.75,0.1,2,3.6,No,Card
ORD-0017,2025-07-22,South,Hyderabad,Retail Store,Enterprise,P012,4,36765.34,0.1,0,3.9,No,Card
ORD-0018,2025-02-05,Central,Faisalabad,Online,Consumer,P006,2,169125.71,0.15,3,4.2,No,Card
ORD-0019,2025-03-10,South,Karachi,Retail Store,Consumer,P003,3,6089.74,0.05,0,3.8,No,Card
ORD-0020,2025-01-23,South,Karachi,Retail Store,Consumer,P009,2,18567.61,0.0,1,4.2,No,Bank Transfer
ORD-0021,2025-03-17,North,Islamabad,Online,Enterprise,P010,2,28158.23,0.05,3,4.6,No,Digital Wallet
ORD-0022,2025-03-21,West,Quetta,Corporate,Enterprise,P010,5,26715.9,0.1,4,5,No,Digital Wallet
ORD-0023,2025-12-26,South,Karachi,Corporate,Consumer,P010,2,27251.94,0.1,2,5,No,Card
ORD-0024,2025-06-29,Central,Faisalabad,Retail Store,Enterprise,P003,2,6340.26,0.05,1,4.7,No,Bank Transfer
ORD-0025,2025-11-07,West,Quetta,Online,SME,P003,5,6207.41,0.1,5,5,No,Bank Transfer
ORD-0026,2025-11-16,South,Karachi,Retail Store,Consumer,P003,4,6163.69,0.05,0,3.9,No,Bank Transfer
ORD-0027,2025-10-19,South,Karachi,Online,Consumer,P010,2,27442.23,0.05,2,5,No,Cash
ORD-0028,2025-09-21,Central,Faisalabad,Online,Enterprise,P002,4,8656.35,0.0,6,4.5,No,Cash
ORD-0029,2025-10-22,South,Hyderabad,Retail Store,Consumer,P009,1,18935.85,0.1,0,4.3,No,Cash
ORD-0030,2025-03-04,North,Rawalpindi,Retail Store,Enterprise,P007,5,249676.27,0.1,1,3.8,No,Digital Wallet
ORD-0031,2025-09-01,North,Islamabad,Corporate,Consumer,P010,2,27709.13,0.0,4,4.5,No,Card
ORD-0032,2025-04-29,North,Islamabad,Retail Store,Consumer,P004,2,39300.38,0.0,0,3.4,No,Card
ORD-0033,2025-09-02,South,Hyderabad,Online,Consumer,P011,2,21484.82,0.0,3,3.6,No,Cash
ORD-0034,2025-03-07,West,Quetta,Corporate,SME,P009,1,18658.45,0.0,5,3.9,No,Card
ORD-0035,2025-07-14,South,Hyderabad,Online,Consumer,P001,3,4130.5,0.0,2,4.4,Yes,Card
ORD-0036,2025-05-03,South,Karachi,Retail Store,Consumer,P009,2,18131.25,0.05,1,4.2,No,Cash
ORD-0037,2025-10-24,South,Hyderabad,Retail Store,Enterprise,P003,7,6042.27,0.1,1,4.3,No,Cash
ORD-0038,2025-10-17,Central,Faisalabad,Retail Store,SME,P001,3,4288.09,0.1,0,5,No,Bank Transfer
ORD-0039,2025-03-20,North,Rawalpindi,Retail Store,Enterprise,P010,5,27393.7,0.1,0,4.0,No,Card
ORD-0040,2025-10-19,Central,Faisalabad,Online,Consumer,P003,2,6145.99,0.0,4,4.1,No,Bank Transfer
ORD-0041,2025-05-04,Central,Faisalabad,Retail Store,Consumer,P005,2,58318.09,0.0,0,5,No,Cash
ORD-0042,2025-08-31,North,Rawalpindi,Online,SME,P003,4,6128.06,0.0,3,3.7,No,Digital Wallet
ORD-0043,2025-09-05,South,Hyderabad,Corporate,Enterprise,P003,4,6126.44,0.1,2,4.4,No,Card
ORD-0044,2025-09-09,South,Karachi,Retail Store,Consumer,P004,1,40603.23,0.0,0,4.4,No,Bank Transfer
ORD-0045,2025-10-16,West,Quetta,Corporate,Consumer,P010,1,27954.89,0.0,5,4.6,No,Bank Transfer
ORD-0046,2025-02-20,West,Quetta,Retail Store,Consumer,P001,2,4213.1,0.0,0,4.0,No,Bank Transfer
ORD-0047,2025-12-28,South,Hyderabad,Online,Consumer,P003,5,6056.7,0.05,2,4.6,No,Cash
ORD-0048,2025-05-28,North,Rawalpindi,Retail Store,SME,P012,4,35581.17,0.0,0,4.2,Yes,Card
ORD-0049,2025-10-28,West,Peshawar,Retail Store,SME,P002,4,8337.56,0.05,1,3.4,No,Digital Wallet
ORD-0050,2025-06-14,Central,Lahore,Online,SME,P003,4,6183.2,0.0,2,5,No,Bank Transfer
ORD-0051,2025-10-05,North,Islamabad,Online,Consumer,P009,2,18788.59,0.0,1,3.8,No,Cash
ORD-0052,2025-11-08,Central,Lahore,Online,Consumer,P004,1,40666.65,0.1,5,4.9,No,Cash
ORD-0053,2025-09-05,West,Quetta,Retail Store,Consumer,P002,1,8385.89,0.1,0,3.6,No,Card
ORD-0054,2025-10-24,West,Peshawar,Corporate,Consumer,P005,2,58682.23,0.05,7,3.2,No,Cash
ORD-0055,2025-07-30,South,Hyderabad,Retail Store,SME,P004,2,39488.93,0.0,1,4.4,No,Card
ORD-0056,2025-02-21,North,Rawalpindi,Online,Consumer,P011,1,21460.64,0.15,2,5,No,Digital Wallet
ORD-0057,2025-07-14,West,Peshawar,Corporate,Consumer,P001,2,4262.19,0.05,6,4.5,No,Bank Transfer
ORD-0058,2025-01-24,South,Karachi,Online,Consumer,P002,2,8331.69,0.0,3,3.6,No,Digital Wallet
ORD-0059,2025-05-11,North,Islamabad,Corporate,Consumer,P003,1,6178.32,0.0,2,3.8,No,Card
ORD-0060,2025-07-16,Central,Lahore,Online,SME,P007,3,240886.46,0.1,3,4.3,No,Cash
ORD-0061,2025-09-12,Central,Faisalabad,Corporate,Consumer,P010,1,27725.42,0.05,2,3.3,No,Digital Wallet
ORD-0062,2025-11-27,South,Hyderabad,Online,Consumer,P001,4,4262.37,0.05,1,3.8,No,Digital Wallet
ORD-0063,2025-09-04,West,Peshawar,Retail Store,Consumer,P001,2,4264.05,0.0,1,4.0,No,Digital Wallet
ORD-0064,2025-01-08,South,Karachi,Retail Store,SME,P009,4,18857.88,0.15,0,2.5,No,Bank Transfer
ORD-0065,2025-06-17,West,Quetta,Retail Store,SME,P005,3,59023.83,0.0,0,4.8,No,Card
ORD-0066,2025-08-21,North,Rawalpindi,Retail Store,SME,P011,4,21649.19,0.1,0,4.1,Yes,Bank Transfer
ORD-0067,2025-07-05,South,Hyderabad,Retail Store,Enterprise,P003,6,6084.61,0.0,0,4.6,No,Digital Wallet
ORD-0068,2025-03-06,Central,Lahore,Online,SME,P002,2,8412.57,0.0,3,4.3,No,Card
ORD-0069,2025-03-31,South,Karachi,Online,Consumer,P010,2,26701.04,0.0,2,4.7,No,Card
ORD-0070,2025-10-31,South,Karachi,Corporate,Consumer,P010,2,27430.77,0.15,3,4.9,No,Cash
ORD-0071,2025-02-07,West,Peshawar,Retail Store,Consumer,P003,4,6384.0,0.05,0,4.5,No,Bank Transfer
ORD-0072,2025-12-02,Central,Lahore,Online,Enterprise,P004,6,39259.99,0.1,3,4.7,No,Cash
ORD-0073,2025-02-13,South,Karachi,Retail Store,Consumer,P001,3,4242.84,0.0,1,4.9,No,Card
ORD-0074,2025-02-23,North,Islamabad,Online,Consumer,P011,3,21003.2,0.0,3,4.4,No,Cash
ORD-0075,2025-10-13,South,Hyderabad,Online,Consumer,P010,2,27254.19,0.0,3,4.8,No,Cash
ORD-0076,2025-09-29,South,Hyderabad,Retail Store,Consumer,P003,2,6342.6,0.0,1,5,No,Card
ORD-0077,2025-11-07,North,Rawalpindi,Online,Consumer,P003,4,6266.3,0.05,3,4.7,No,Card
ORD-0078,2025-03-12,Central,Faisalabad,Online,Consumer,P009,1,18088.4,0.05,3,5,No,Card
ORD-0079,2025-08-12,South,Karachi,Corporate,SME,P006,4,165878.31,0.0,3,4.2,No,Bank Transfer
ORD-0080,2025-08-12,Central,Lahore,Online,Consumer,P001,3,4129.84,0.1,5,4.5,No,Card
ORD-0081,2025-11-27,Central,Lahore,Online,Consumer,P002,1,8335.34,0.1,3,3.2,No,Digital Wallet
ORD-0082,2025-11-16,South,Hyderabad,Online,Consumer,P004,2,40202.3,0.05,3,4.6,Yes,Bank Transfer
ORD-0083,2025-02-16,Central,Faisalabad,Retail Store,SME,P010,1,27417.06,0.1,1,4.6,No,Digital Wallet
ORD-0084,2025-06-25,West,Quetta,Retail Store,Consumer,P002,4,8512.27,0.05,0,5,No,Card
ORD-0085,2025-11-03,South,Hyderabad,Online,Consumer,P009,2,18224.72,0.1,1,4.0,No,Cash
ORD-0086,2025-12-02,Central,Faisalabad,Online,SME,P001,5,4278.92,0.05,3,3.3,No,Cash
ORD-0087,2025-07-05,South,Karachi,Online,SME,P002,2,8284.35,0.1,4,4.9,No,Digital Wallet
ORD-0088,2025-11-13,South,Hyderabad,Online,Consumer,P009,1,18745.51,0.0,1,2.6,No,Cash
ORD-0089,2025-05-03,South,Hyderabad,Corporate,Consumer,P009,2,18457.46,0.0,1,4.8,No,Digital Wallet
ORD-0090,2025-05-09,South,Hyderabad,Corporate,SME,P001,3,4095.14,0.0,1,4.5,No,Card
ORD-0091,2025-06-28,West,Peshawar,Online,Consumer,P002,3,8359.51,0.0,7,4.4,No,Card
ORD-0092,2025-08-30,Central,Lahore,Retail Store,Consumer,P008,1,128190.51,0.0,0,3.3,No,Card
ORD-0093,2025-01-25,South,Hyderabad,Online,Enterprise,P005,6,56802.69,0.1,1,4.3,No,Bank Transfer
ORD-0094,2025-12-07,Central,Faisalabad,Online,Consumer,P005,1,58115.49,0.05,4,4.7,Yes,Cash
ORD-0095,2025-11-18,South,Hyderabad,Online,Consumer,P003,5,6378.86,0.1,2,4.9,No,Card
ORD-0096,2025-01-22,South,Hyderabad,Retail Store,Enterprise,P006,4,163329.14,0.1,0,5,No,Cash
ORD-0097,2025-03-05,Central,Faisalabad,Corporate,SME,P011,4,22111.1,0.05,1,4.3,No,Digital Wallet
ORD-0098,2025-11-05,West,Quetta,Retail Store,Consumer,P001,4,4186.37,0.1,0,4.1,No,Card
ORD-0099,2025-01-30,South,Hyderabad,Online,SME,P009,1,18103.49,0.05,2,4.3,No,Cash
ORD-0100,2025-10-18,South,Karachi,Retail Store,Enterprise,P003,2,6210.96,0.05,1,4.1,No,Digital Wallet
ORD-0101,2025-09-23,North,Islamabad,Online,Consumer,P004,2,39959.73,0.15,3,4.6,No,Card
ORD-0102,2025-12-16,West,Peshawar,Retail Store,SME,P006,4,171944.62,0.1,1,3.5,No,Card
ORD-0103,2025-09-10,South,Hyderabad,Retail Store,Enterprise,P001,2,4151.94,0.15,1,3.4,No,Bank Transfer
ORD-0104,2025-03-06,West,Quetta,Online,SME,P003,2,6174.93,0.1,6,4.1,No,Card
ORD-0105,2025-06-27,West,Peshawar,Corporate,Consumer,P008,2,129031.35,0.0,4,4.1,No,Digital Wallet
ORD-0106,2025-11-06,South,Karachi,Corporate,Consumer,P001,2,4267.27,0.0,1,4.3,No,Digital Wallet
ORD-0107,2025-12-17,North,Rawalpindi,Online,Consumer,P004,2,39415.73,0.05,4,3.8,No,Card
ORD-0108,2025-09-21,North,Rawalpindi,Online,Consumer,P004,1,38544.44,0.0,2,4.8,No,Digital Wallet
ORD-0109,2025-10-23,Central,Lahore,Retail Store,Consumer,P005,2,59830.56,0.05,0,5,No,Card
ORD-0110,2025-09-11,Central,Faisalabad,Online,Consumer,P001,3,4257.33,0.1,3,3.8,No,Card
ORD-0111,2025-09-16,North,Rawalpindi,Corporate,SME,P008,2,135762.66,0.0,4,4.4,No,Cash
ORD-0112,2025-09-14,South,Karachi,Online,Consumer,P005,2,57267.78,0.1,1,5,No,Bank Transfer
ORD-0113,2025-10-31,South,Hyderabad,Retail Store,Consumer,P010,2,27221.55,0.0,0,5,No,Cash
ORD-0114,2025-01-14,Central,Faisalabad,Corporate,SME,P010,2,27865.31,0.05,4,5,No,Digital Wallet
ORD-0115,2025-01-17,North,Islamabad,Online,Consumer,P004,2,39951.49,0.0,3,2.8,No,Cash
ORD-0116,2025-04-17,North,Rawalpindi,Retail Store,Consumer,P002,3,8589.69,0.1,1,3.6,No,Card
ORD-0117,2025-04-26,West,Peshawar,Corporate,SME,P009,4,18296.92,0.0,4,5,No,Card
ORD-0118,2025-07-22,Central,Lahore,Online,Consumer,P009,2,18970.65,0.05,2,4.2,No,Card
ORD-0119,2025-02-25,Central,Lahore,Online,SME,P006,2,163489.11,0.0,2,4.2,No,Card
ORD-0120,2025-07-28,Central,Faisalabad,Retail Store,Consumer,P012,3,36819.52,0.1,0,4.0,No,Card
ORD-0121,2025-01-20,West,Quetta,Online,Enterprise,P012,4,37130.63,0.05,5,2.8,No,Card
ORD-0122,2025-06-21,South,Hyderabad,Corporate,Consumer,P005,2,57421.77,0.0,3,4.9,No,Card
ORD-0123,2025-10-18,Central,Lahore,Online,Enterprise,P011,5,20966.89,0.1,3,4.6,No,Card
ORD-0124,2025-05-17,West,Peshawar,Retail Store,SME,P003,3,6037.11,0.0,0,4.8,No,Digital Wallet
ORD-0125,2025-11-24,West,Peshawar,Online,Consumer,P012,2,36401.4,0.15,7,3.4,No,Digital Wallet
ORD-0126,2025-12-15,Central,Lahore,Retail Store,Consumer,P003,1,6322.3,0.15,1,2.9,No,Card
ORD-0127,2025-04-16,Central,Faisalabad,Online,Consumer,P010,2,26892.71,0.0,2,3.9,No,Card
ORD-0128,2025-01-02,Central,Lahore,Online,Consumer,P001,1,4322.51,0.05,3,4.6,No,Cash
ORD-0129,2025-07-11,West,Peshawar,Online,Enterprise,P003,2,6257.11,0.05,6,,No,Cash
ORD-0130,2025-01-12,West,Peshawar,Retail Store,Consumer,P006,1,165454.92,0.0,0,4.7,No,Card
ORD-0131,2025-01-09,South,Karachi,Online,Consumer,P007,1,244201.64,0.0,4,3.5,No,Cash
ORD-0132,2025-04-30,Central,Faisalabad,Retail Store,SME,P010,2,27172.91,0.0,1,4.6,No,Bank Transfer
ORD-0133,2025-10-30,Central,Lahore,Retail Store,Consumer,P005,2,60049.97,0.05,1,4.0,No,Bank Transfer
ORD-0134,2025-04-26,South,Karachi,Corporate,Enterprise,P006,5,168577.45,0.0,3,4.3,No,Digital Wallet
ORD-0135,2025-04-08,South,Hyderabad,Retail Store,SME,P011,2,21473.42,0.1,0,4.7,No,Digital Wallet
ORD-0136,2025-03-02,Central,Faisalabad,Corporate,SME,P009,4,18960.79,0.05,3,3.6,No,Card
ORD-0137,2025-09-12,North,Rawalpindi,Retail Store,Consumer,P002,4,8268.31,0.1,1,4.6,No,Bank Transfer
ORD-0138,2025-06-18,South,Karachi,Retail Store,SME,P009,3,18792.33,0.05,1,4.7,No,Bank Transfer
ORD-0139,2025-03-28,South,Hyderabad,Online,Enterprise,P012,2,37242.56,0.0,2,4.1,Yes,Card
ORD-0140,2025-03-19,South,Hyderabad,Online,SME,P009,4,18676.81,0.0,1,4.1,Yes,Cash
ORD-0141,2025-09-15,Central,Faisalabad,Corporate,Enterprise,P001,2,4134.72,0.1,3,4.9,No,Card
ORD-0142,2025-05-05,West,Quetta,Online,SME,P001,1,4176.13,0.0,3,4.4,No,Card
ORD-0143,2025-06-19,North,Islamabad,Corporate,Enterprise,P002,8,8383.26,0.15,3,3.8,No,Cash
ORD-0144,2025-01-09,West,Quetta,Retail Store,SME,P004,1,39024.29,0.05,1,4.6,No,Card
ORD-0145,2025-12-19,Central,Faisalabad,Online,Consumer,P011,5,22104.91,0.0,2,4.4,No,Bank Transfer
ORD-0146,2025-10-27,Central,Lahore,Corporate,Consumer,P002,1,8381.67,0.0,2,4.3,No,Bank Transfer
ORD-0147,2025-08-16,South,Hyderabad,Online,,P004,2,38559.8,0.0,1,3.4,No,Digital Wallet
ORD-0148,2025-02-13,Central,Lahore,Retail Store,Consumer,P004,1,38952.34,0.0,0,4.0,No,Bank Transfer
ORD-0149,2025-02-09,North,Islamabad,Retail Store,Consumer,P008,2,128887.22,0.0,0,3.8,No,Card
ORD-0150,2025-11-30,West,Quetta,Online,SME,P009,5,18293.74,0.15,6,3.7,No,Bank Transfer
ORD-0151,2025-07-21,North,Islamabad,Retail Store,Consumer,P009,1,19002.84,0.05,1,5,No,Cash
ORD-0152,2025-07-29,Central,Lahore,Retail Store,Consumer,P009,2,18820.88,0.0,1,3.6,No,Digital Wallet
ORD-0153,2025-07-04,Central,Lahore,Online,Consumer,P009,1,18663.17,0.0,3,5,No,Cash
ORD-0154,2025-01-06,South,Karachi,Retail Store,Consumer,P007,1,247193.18,0.0,1,4.1,No,Bank Transfer
ORD-0155,2025-02-23,South,Karachi,Online,Enterprise,P002,4,8477.22,0.05,1,4.3,No,Cash
ORD-0156,2025-12-30,South,Hyderabad,Retail Store,SME,P002,2,8526.47,0.0,0,4.3,No,Cash
ORD-0157,2025-11-11,West,Peshawar,Retail Store,Consumer,P009,1,18253.96,0.05,1,4.9,No,Digital Wallet
ORD-0158,2025-08-23,South,Hyderabad,Retail Store,SME,P007,4,249294.63,0.0,0,3.4,No,Card
ORD-0159,2025-03-10,South,Karachi,Online,Consumer,P009,2,18409.25,0.0,1,3.9,No,Cash
ORD-0160,2025-10-12,South,Hyderabad,Online,Consumer,P004,1,40366.29,0.15,3,3.8,No,Bank Transfer
ORD-0161,2025-09-09,North,Rawalpindi,Retail Store,Consumer,P001,3,4082.24,0.0,0,4.3,No,Bank Transfer
ORD-0162,2025-10-09,North,Islamabad,Online,Consumer,P012,4,36601.51,0.15,5,4.8,No,Card
ORD-0163,2025-06-28,Central,Lahore,Online,Enterprise,P010,3,27021.3,0.1,2,3.1,No,Bank Transfer
ORD-0164,2025-04-16,Central,Faisalabad,Retail Store,SME,P002,3,8537.1,0.15,1,5,No,Digital Wallet
ORD-0165,2025-05-22,Central,Lahore,Retail Store,Consumer,P002,2,8633.35,0.05,0,4.2,No,Bank Transfer
ORD-0166,2025-02-08,Central,Lahore,Online,SME,P009,3,18449.71,0.05,1,3.6,No,Card
ORD-0167,2025-12-24,South,Karachi,Corporate,Consumer,P012,5,35993.1,0.1,1,3.9,No,Card
ORD-0168,2025-02-20,Central,Faisalabad,Online,Enterprise,P002,5,8750.84,0.05,6,3.9,No,Card
ORD-0169,2025-02-17,Central,Faisalabad,Online,,P008,1,131179.03,0.0,3,3.8,No,Cash
ORD-0170,2025-03-09,Central,Faisalabad,Online,SME,P010,4,27820.15,0.05,3,4.5,No,Card
ORD-0171,2025-07-15,Central,Lahore,Retail Store,SME,P001,2,4184.91,0.05,1,4.2,No,Bank Transfer
ORD-0172,2025-03-13,Central,Faisalabad,Online,Consumer,P010,1,27132.0,0.0,1,3.4,No,Cash
ORD-0173,2025-12-04,Central,Lahore,Retail Store,Consumer,P009,2,18662.25,0.1,0,4.0,No,Card
ORD-0174,2025-09-28,West,Quetta,Corporate,Enterprise,P001,6,4166.08,0.1,5,2.5,No,Card
ORD-0175,2025-01-21,West,Peshawar,Retail Store,SME,P005,4,58231.75,0.0,1,3.4,No,Card
ORD-0176,2025-03-21,North,Rawalpindi,Retail Store,SME,P008,1,130496.54,0.05,0,4.0,No,Card
ORD-0177,2025-11-08,South,Karachi,Online,SME,P009,2,18496.02,0.0,2,3.8,No,Cash
ORD-0178,2025-03-02,Central,Lahore,Online,Consumer,P005,2,59245.25,0.05,4,4.6,No,Bank Transfer
ORD-0179,2025-05-11,Central,Lahore,Online,Consumer,P001,2,4085.59,0.0,4,4.1,No,Card
ORD-0180,2025-12-02,North,Rawalpindi,Online,Enterprise,P003,4,6058.42,0.15,3,5,No,Bank Transfer
ORD-0181,2025-06-09,South,Hyderabad,Online,Consumer,P006,2,170414.93,0.0,1,5,No,Cash
ORD-0182,2025-05-06,South,Hyderabad,Online,Consumer,P008,1,135571.84,0.0,1,3.2,No,Card
ORD-0183,2025-09-09,West,Quetta,Retail Store,Consumer,P011,3,21446.41,0.1,1,4.5,No,Card
ORD-0184,2025-03-08,South,Hyderabad,Corporate,Enterprise,P004,7,39088.22,0.05,2,4.4,No,Cash
ORD-0185,2025-08-19,North,Rawalpindi,Online,Consumer,P010,2,27183.71,0.0,6,4.2,No,Digital Wallet
ORD-0186,2025-06-17,South,Karachi,Corporate,Consumer,P001,3,4280.66,0.0,2,5,No,Bank Transfer
ORD-0187,2025-03-13,South,Karachi,Corporate,Enterprise,P001,5,4246.94,0.15,1,5,No,Card
ORD-0188,2025-11-27,North,Islamabad,Online,Enterprise,P010,2,26745.45,0.1,4,3.2,No,Card
ORD-0189,2025-04-20,West,Peshawar,Online,Enterprise,P001,6,4237.11,0.05,4,4.8,No,Bank Transfer
ORD-0190,2025-09-27,South,Karachi,Corporate,SME,P003,4,6353.52,0.05,1,3.9,No,Card
ORD-0191,2025-01-30,Central,Faisalabad,Retail Store,SME,P012,2,35947.81,0.0,1,4.5,No,Digital Wallet
ORD-0192,2025-04-23,North,Rawalpindi,Online,Enterprise,P011,3,21619.35,0.1,2,2.9,Yes,Cash
ORD-0193,2025-10-16,West,Peshawar,Retail Store,Consumer,P001,2,4225.62,0.0,0,5,No,Card
ORD-0194,2025-06-15,South,Karachi,Retail Store,Enterprise,P010,7,28095.1,0.15,0,4.3,No,Cash
ORD-0195,2025-06-15,South,Karachi,Retail Store,Consumer,P008,2,133181.51,0.0,1,3.7,No,Card
ORD-0196,2025-06-07,Central,Faisalabad,Online,SME,P012,4,35803.76,0.0,1,4.6,No,Card
ORD-0197,2025-02-09,South,Hyderabad,Online,,P001,7,4186.55,0.05,1,4.3,No,Card
ORD-0198,2025-08-03,West,Peshawar,Retail Store,Consumer,P006,1,171314.37,0.1,1,4.5,No,Cash
ORD-0199,2025-01-18,South,Hyderabad,Online,Consumer,P003,2,6286.3,0.05,2,4.1,No,Bank Transfer
ORD-0200,2025-12-01,South,Hyderabad,Online,Consumer,P002,5,8600.57,0.05,2,4.8,No,Card
ORD-0201,2025-03-20,South,Karachi,Online,Consumer,P009,2,18166.64,0.0,2,4.7,No,Digital Wallet
ORD-0202,2025-09-08,West,Peshawar,Online,Consumer,P002,3,8340.16,0.0,4,4.4,No,Bank Transfer
ORD-0203,2025-02-19,South,Hyderabad,Corporate,Consumer,P009,1,18559.5,0.1,3,3.6,No,Digital Wallet
ORD-0204,2025-09-01,South,Hyderabad,Corporate,SME,P005,2,57167.19,0.1,4,5,No,Digital Wallet
ORD-0205,2025-12-16,North,Islamabad,Corporate,Consumer,P011,1,21355.65,0.0,3,5,No,Cash
ORD-0206,2025-08-03,South,Karachi,Online,SME,P009,1,18971.67,0.05,3,4.6,No,Card
ORD-0207,2025-09-06,North,Rawalpindi,Online,Consumer,P002,2,8446.85,0.1,3,4.1,No,Card
ORD-0208,2025-06-05,South,Hyderabad,Corporate,SME,P012,2,36063.05,0.1,2,3.7,No,Bank Transfer
ORD-0209,2025-07-28,Central,Faisalabad,Corporate,Consumer,P002,4,8314.18,0.1,3,4.1,No,Digital Wallet
ORD-0210,2025-08-22,South,Hyderabad,Retail Store,Consumer,P010,2,27723.43,0.0,0,4.3,No,Digital Wallet
ORD-0211,2025-06-26,South,Hyderabad,Retail Store,SME,P003,4,6074.6,0.05,0,5,No,Cash
ORD-0212,2025-07-29,North,Islamabad,Retail Store,Consumer,P002,2,8373.72,0.1,0,4.0,No,Digital Wallet
ORD-0213,2025-04-22,North,Rawalpindi,Retail Store,Consumer,P012,3,36058.66,0.0,0,3.3,No,Card
ORD-0214,2025-12-02,Central,Faisalabad,Online,Consumer,P002,5,8581.87,0.05,1,2.4,No,Bank Transfer
ORD-0215,2025-12-29,West,Quetta,Online,SME,P009,5,18951.24,0.05,6,2.9,No,Card
ORD-0216,2025-05-13,Central,Lahore,Corporate,Enterprise,P008,3,130853.84,0.1,2,5,No,Card
ORD-0217,2025-08-29,South,Karachi,Retail Store,Consumer,P001,3,4178.1,0.1,0,4.5,No,Bank Transfer
ORD-0218,2025-06-11,Central,Lahore,Corporate,Consumer,P008,1,130522.24,0.0,4,3.8,No,Bank Transfer
ORD-0219,2025-02-15,South,Hyderabad,Retail Store,Consumer,P012,2,35487.62,0.0,0,4.4,No,Digital Wallet
ORD-0220,2025-01-10,Central,Lahore,Online,Enterprise,P003,4,6201.24,0.05,3,4.3,No,Bank Transfer
ORD-0221,2025-08-11,West,Quetta,Online,Enterprise,P003,3,6366.69,0.15,4,4.5,No,Card
ORD-0222,2025-03-28,South,Karachi,Online,SME,P010,1,27654.97,0.0,4,5,Yes,Card
ORD-0223,2025-05-10,North,Islamabad,Online,SME,P001,4,4240.95,0.0,2,4.0,No,Card
ORD-0224,2025-02-28,Central,Faisalabad,Online,Consumer,P003,3,6275.68,0.0,4,,No,Digital Wallet
ORD-0225,2025-12-10,South,Karachi,Corporate,SME,P002,1,8614.02,0.0,2,5,No,Bank Transfer
ORD-0226,2025-01-21,Central,Faisalabad,Corporate,Consumer,P009,1,18889.88,0.1,4,4.3,No,Card
ORD-0227,2025-05-18,Central,Lahore,Online,Consumer,P001,4,4142.5,0.0,4,3.3,No,Cash
ORD-0228,2025-01-31,West,Quetta,Online,Enterprise,P005,6,59126.16,0.05,4,4.7,Yes,Cash
ORD-0229,2025-03-08,North,Rawalpindi,Online,Consumer,P001,3,4077.11,0.1,1,4.1,No,Card
ORD-0230,2025-09-23,North,Islamabad,Online,SME,P005,4,57266.78,0.1,4,3.7,Yes,Digital Wallet
ORD-0231,2025-09-11,Central,Lahore,Retail Store,Consumer,P003,2,6202.58,0.05,0,3.9,No,Digital Wallet
ORD-0232,2025-08-17,South,Hyderabad,Retail Store,Consumer,P004,1,39635.4,0.0,0,4.5,No,Digital Wallet
ORD-0233,2025-10-15,South,Hyderabad,Corporate,Consumer,P001,4,4157.66,0.1,1,3.6,No,Bank Transfer
ORD-0234,2025-01-02,South,Hyderabad,Retail Store,Consumer,P001,4,4109.39,0.05,1,3.8,No,Card
ORD-0235,2025-04-08,Central,Lahore,Retail Store,Consumer,P008,1,134155.39,0.05,1,,No,Bank Transfer
ORD-0236,2025-01-25,North,Rawalpindi,Corporate,Consumer,P005,1,59173.28,0.0,3,4.0,No,Bank Transfer
ORD-0237,2025-08-03,West,Quetta,Online,Enterprise,P012,5,35707.61,0.1,6,3.4,No,Bank Transfer
ORD-0238,2025-10-11,Central,Lahore,Online,SME,P009,2,19034.28,0.05,4,4.1,No,Card
ORD-0239,2025-09-03,Central,Faisalabad,Retail Store,Enterprise,P006,5,171107.71,0.1,0,4.1,No,Card
ORD-0240,2025-12-16,South,Karachi,Retail Store,Consumer,P009,1,18343.14,0.05,1,4.4,No,Digital Wallet
ORD-0241,2025-05-02,North,Rawalpindi,Retail Store,Consumer,P004,2,40582.38,0.15,0,4.5,No,Card
ORD-0242,2025-08-15,Central,Faisalabad,Retail Store,Consumer,P007,1,244937.36,0.0,1,4.2,No,Digital Wallet
ORD-0243,2025-01-21,North,Rawalpindi,Online,SME,P003,4,6278.0,0.0,4,4.7,No,Digital Wallet
ORD-0244,2025-09-09,Central,Faisalabad,Online,SME,P005,2,58572.33,0.1,4,4.9,No,Card
ORD-0245,2025-06-19,North,Islamabad,Corporate,SME,P005,1,57147.67,0.0,3,5,No,Card
ORD-0246,2025-07-15,West,Quetta,Online,Consumer,P003,4,6195.09,0.0,4,3.8,No,Card
ORD-0247,2025-10-01,South,Karachi,Online,SME,P002,4,8349.85,0.1,3,3.5,No,Digital Wallet
ORD-0248,2025-01-13,North,Rawalpindi,Online,Consumer,P002,2,8538.23,0.0,3,4.9,No,Bank Transfer
ORD-0249,2025-10-01,South,Karachi,Retail Store,SME,P009,1,18342.05,0.05,0,4.4,No,Cash
ORD-0250,2025-12-05,South,Karachi,Retail Store,,P004,2,40590.52,0.0,1,3.7,No,Digital Wallet
ORD-0251,2025-03-14,South,Karachi,Retail Store,Consumer,P006,1,166031.29,0.1,1,3.9,No,Bank Transfer
ORD-0252,2025-05-10,South,Karachi,Retail Store,SME,P001,4,4147.24,0.0,0,4.8,No,Bank Transfer
ORD-0253,2025-12-10,Central,Lahore,Online,Consumer,P002,5,8412.46,0.05,4,4.9,No,Digital Wallet
ORD-0254,2025-04-24,Central,Faisalabad,Online,Consumer,P009,2,18919.45,0.05,2,4.7,No,Card
ORD-0255,2025-03-13,West,Quetta,Online,Enterprise,P001,2,4288.1,0.1,6,3.2,No,Card
ORD-0256,2025-10-04,North,Islamabad,Online,Consumer,P010,2,26895.9,0.05,4,4.6,Yes,Card
ORD-0257,2025-12-17,South,Karachi,Online,Consumer,P012,5,37461.79,0.0,2,4.8,No,Cash
ORD-0258,2025-07-18,North,Rawalpindi,Corporate,Consumer,P008,1,133613.59,0.05,4,3.2,No,Bank Transfer
ORD-0259,2025-07-07,Central,Lahore,Retail Store,Consumer,P011,3,21909.24,0.0,0,4.3,No,Bank Transfer
ORD-0260,2025-05-24,South,Karachi,Online,SME,P010,2,27359.11,0.0,2,5,No,Bank Transfer
ORD-0261,2025-05-05,South,Karachi,Online,Consumer,P011,1,21069.58,0.1,3,3.6,No,Bank Transfer
ORD-0262,2025-05-26,West,Quetta,Online,Enterprise,P011,3,21926.17,0.1,5,4.4,No,Cash
ORD-0263,2025-06-25,West,Quetta,Online,Consumer,P001,4,4282.28,0.05,3,4.9,No,Digital Wallet
ORD-0264,2025-02-17,North,Islamabad,Corporate,Consumer,P001,4,4167.34,0.0,5,3.6,No,Cash
ORD-0265,2025-12-23,North,Rawalpindi,Online,Consumer,P002,4,8550.13,0.05,3,5,Yes,Bank Transfer
ORD-0266,2025-04-16,Central,Faisalabad,Online,Consumer,P004,2,38934.29,0.05,3,3.4,No,Bank Transfer
ORD-0267,2025-10-13,North,Rawalpindi,Retail Store,Consumer,P012,4,37016.36,0.1,1,3.9,No,Card
ORD-0268,2025-02-21,South,Hyderabad,Corporate,SME,P008,1,129313.05,0.15,3,4.3,No,Digital Wallet
ORD-0269,2025-04-24,North,Islamabad,Retail Store,,P004,7,39549.78,0.1,1,5,No,Bank Transfer
ORD-0270,2025-09-23,South,Karachi,Corporate,Consumer,P009,1,18693.17,0.0,3,3.3,No,Card
ORD-0271,2025-07-27,Central,Lahore,Retail Store,Consumer,P001,3,4161.56,0.1,0,2.8,No,Card
ORD-0272,2025-05-14,South,Karachi,Retail Store,Consumer,P003,3,6339.91,0.1,1,4.2,No,Bank Transfer
ORD-0273,2025-08-23,Central,Lahore,Retail Store,Consumer,P004,1,39919.28,0.0,0,5,No,Card
ORD-0274,2025-05-15,South,Karachi,Online,SME,P003,4,6130.76,0.0,1,4.1,No,Digital Wallet
ORD-0275,2025-05-01,Central,Faisalabad,Online,Consumer,P002,2,8642.26,0.0,6,4.7,No,Card
ORD-0276,2025-09-04,North,Rawalpindi,Retail Store,Enterprise,P011,4,21090.9,0.1,1,4.2,No,Card
ORD-0277,2025-10-04,South,Hyderabad,Online,SME,P002,4,8405.98,0.0,3,4.0,No,Bank Transfer
ORD-0278,2025-05-15,South,Hyderabad,Corporate,Consumer,P002,2,8458.74,0.1,1,3.8,No,Bank Transfer
ORD-0279,2025-02-21,Central,Lahore,Retail Store,Enterprise,P002,7,8486.22,0.0,0,4.7,No,Digital Wallet
ORD-0280,2025-06-11,Central,Faisalabad,Online,Enterprise,P001,2,4089.13,0.1,1,4.4,No,Card
ORD-0281,2025-05-12,South,Hyderabad,Online,Enterprise,P012,3,37549.83,0.05,1,4.9,No,Bank Transfer
ORD-0282,2025-08-26,Central,Lahore,Corporate,SME,P011,4,21950.08,0.0,3,4.6,No,Card
ORD-0283,2025-05-19,West,Peshawar,Retail Store,Consumer,P004,1,38750.81,0.0,1,4.3,No,Cash
ORD-0284,2025-02-18,South,Hyderabad,Retail Store,Consumer,P004,1,38561.31,0.05,0,4.7,No,Digital Wallet
ORD-0285,2025-05-26,North,Islamabad,Online,Enterprise,P001,7,4290.81,0.05,1,4.5,No,Card
ORD-0286,2025-12-24,North,Rawalpindi,Retail Store,,P006,4,172121.95,0.1,0,3.7,No,Card
ORD-0287,2025-03-11,South,Hyderabad,Retail Store,SME,P005,4,57796.63,0.1,0,4.5,No,Cash
ORD-0288,2025-10-15,North,Islamabad,Online,SME,P004,4,38837.8,0.0,2,3.7,No,Bank Transfer
ORD-0289,2025-11-29,Central,Faisalabad,Online,Enterprise,P002,5,8569.82,0.1,2,4.0,Yes,Card
ORD-0290,2025-02-22,South,Karachi,Retail Store,SME,P002,2,8496.73,0.0,0,4.4,No,Cash
ORD-0291,2025-03-16,South,Hyderabad,Online,Consumer,P002,4,8667.41,0.0,1,4.3,No,Bank Transfer
ORD-0292,2025-08-24,Central,Lahore,Retail Store,Enterprise,P005,7,60118.86,0.15,0,3.8,No,Card
ORD-0293,2025-05-10,North,Rawalpindi,Online,Enterprise,P011,3,21159.4,0.05,5,4.2,No,Bank Transfer
ORD-0294,2025-10-25,Central,Faisalabad,Retail Store,Consumer,P010,1,26935.2,0.0,1,3.3,No,Card
ORD-0295,2025-10-02,Central,Lahore,Retail Store,Consumer,P006,2,171079.7,0.05,0,5,Yes,Bank Transfer
ORD-0296,2025-01-21,North,Rawalpindi,Retail Store,Consumer,P005,1,58653.11,0.0,0,4.1,No,Bank Transfer
ORD-0297,2025-06-01,Central,Faisalabad,Retail Store,SME,P005,2,59844.09,0.05,0,5,No,Card
ORD-0298,2025-10-03,Central,Lahore,Retail Store,Consumer,P006,2,166211.81,0.05,0,5,Yes,Digital Wallet
ORD-0299,2025-02-24,North,Islamabad,Online,SME,P004,4,39561.2,0.05,4,4.2,No,Card
ORD-0300,2025-09-09,West,Quetta,Retail Store,SME,P003,4,6309.46,0.0,1,4.9,No,Card
ORD-0301,2025-04-21,West,Quetta,Online,Consumer,P004,1,39562.08,0.0,4,4.0,No,Bank Transfer
ORD-0302,2025-07-03,Central,Faisalabad,Corporate,Consumer,P002,3,8580.34,0.05,1,3.4,No,Bank Transfer
ORD-0303,2025-07-31,Central,Faisalabad,Corporate,Consumer,P002,4,8635.51,0.1,3,5,No,Bank Transfer
ORD-0304,2025-11-02,South,Karachi,Corporate,Consumer,P003,2,6332.33,0.0,2,3.8,No,Bank Transfer
ORD-0305,2025-01-20,North,Islamabad,Online,Consumer,P007,1,244372.91,0.0,2,3.9,No,Card
ORD-0306,2025-09-07,Central,Lahore,Retail Store,Consumer,P009,2,18032.11,0.0,0,3.6,No,Digital Wallet
ORD-0307,2025-12-01,Central,Lahore,Retail Store,SME,P001,4,4210.06,0.0,0,5,No,Cash
ORD-0308,2025-11-01,North,Islamabad,Online,Consumer,P004,1,39111.72,0.05,2,4.1,No,Bank Transfer
ORD-0309,2025-09-04,North,Rawalpindi,Online,SME,P006,2,165402.54,0.0,1,4.7,No,Card
ORD-0310,2025-04-08,South,Karachi,Retail Store,Consumer,P003,2,6177.85,0.1,0,4.4,No,Digital Wallet
ORD-0311,2025-11-14,West,Peshawar,Online,SME,P001,5,4079.73,0.0,6,4.2,No,Bank Transfer
ORD-0312,2025-12-24,Central,Faisalabad,Retail Store,SME,P001,2,4145.57,0.1,0,5,No,Digital Wallet
ORD-0313,2025-12-06,Central,Faisalabad,Corporate,Consumer,P011,2,22118.93,0.05,4,3.8,No,Card
ORD-0314,2025-10-15,West,Quetta,Online,Enterprise,P003,5,6290.91,0.0,5,3.5,No,Digital Wallet
ORD-0315,2025-02-01,Central,Faisalabad,Corporate,SME,P001,3,4112.23,0.1,3,4.0,No,Digital Wallet
ORD-0316,2025-04-27,North,Islamabad,Online,Consumer,P007,2,248628.44,0.0,4,4.9,No,Digital Wallet
ORD-0317,2025-09-26,West,Peshawar,Corporate,Enterprise,P002,6,8406.92,0.1,6,3.8,No,Digital Wallet
ORD-0318,2025-07-31,West,Peshawar,Online,Enterprise,P011,8,21051.02,0.05,5,4.2,No,Bank Transfer
ORD-0319,2025-11-02,South,Karachi,Online,SME,P005,5,59244.19,0.0,1,4.3,No,Card
ORD-0320,2025-05-19,West,Quetta,Retail Store,Enterprise,P009,2,18141.56,0.15,0,4.8,No,Bank Transfer
ORD-0321,2025-01-22,Central,Faisalabad,Retail Store,Consumer,P012,1,36394.03,0.1,0,3.7,No,Card
ORD-0322,2025-01-21,North,Islamabad,Online,Consumer,P011,4,21069.77,0.0,5,3.6,No,Bank Transfer
ORD-0323,2025-09-14,South,Karachi,Online,Consumer,P001,2,4296.4,0.0,1,5,No,Card
ORD-0324,2025-12-28,North,Rawalpindi,Online,SME,P009,2,18365.33,0.0,4,3.8,No,Card
ORD-0325,2025-12-31,South,Hyderabad,Online,SME,P004,2,38593.6,0.05,1,,No,Digital Wallet
ORD-0326,2025-09-10,South,Hyderabad,Retail Store,Consumer,P007,1,244201.33,0.05,1,3.4,No,Card
ORD-0327,2025-03-16,Central,Faisalabad,Online,Consumer,P001,2,4243.37,0.05,1,3.9,No,Card
ORD-0328,2025-01-19,South,Hyderabad,Online,Enterprise,P010,5,28066.46,0.0,1,3.9,No,Card
ORD-0329,2025-04-18,Central,Lahore,Retail Store,Enterprise,P006,2,167835.32,0.1,1,4.3,No,Bank Transfer
ORD-0330,2025-11-16,South,Karachi,Retail Store,Consumer,P009,2,18491.68,0.0,1,4.1,No,Bank Transfer
ORD-0331,2025-04-17,Central,Faisalabad,Online,Consumer,P006,1,163073.88,0.0,4,,No,Bank Transfer
ORD-0332,2025-12-18,South,Hyderabad,Retail Store,SME,P001,2,4157.29,0.0,0,5,No,Cash
ORD-0333,2025-10-02,West,Peshawar,Corporate,Consumer,P009,2,18572.09,0.05,5,4.1,No,Card
ORD-0334,2025-02-03,West,Peshawar,Corporate,Consumer,P003,4,6083.7,0.0,5,3.6,No,Cash
ORD-0335,2025-05-02,North,Rawalpindi,Online,Consumer,P001,2,4304.17,0.05,4,4.4,No,Card
ORD-0336,2025-09-26,South,Hyderabad,Online,,P010,6,27791.58,0.0,2,3.5,No,Bank Transfer
ORD-0337,2025-12-18,Central,Lahore,Online,Enterprise,P001,9,4079.67,0.1,3,4.7,No,Bank Transfer
ORD-0338,2025-05-20,South,Hyderabad,Online,Enterprise,P006,2,165042.3,0.05,2,4.6,No,Card
ORD-0339,2025-11-10,West,Peshawar,Online,Consumer,P011,1,21349.84,0.0,4,2.9,No,Cash
ORD-0340,2025-06-20,Central,Lahore,Corporate,SME,P005,2,57071.14,0.1,3,4.0,No,Cash
ORD-0341,2025-04-25,South,Hyderabad,Corporate,Consumer,P009,2,18820.54,0.1,2,4.3,No,Card
ORD-0342,2025-06-28,Central,Lahore,Retail Store,Consumer,P009,1,18306.72,0.05,0,3.6,No,Bank Transfer
ORD-0343,2025-07-16,South,Karachi,Corporate,SME,P010,4,27610.9,0.0,2,4.1,No,Cash
ORD-0344,2025-02-28,Central,Faisalabad,Online,Consumer,P004,2,40580.44,0.0,2,5,No,Bank Transfer
ORD-0345,2025-02-16,South,Karachi,Corporate,Enterprise,P008,2,134036.06,0.1,3,3.7,No,Bank Transfer
ORD-0346,2025-06-03,North,Rawalpindi,Corporate,Enterprise,P009,4,19044.22,0.1,3,3.7,No,Digital Wallet
ORD-0347,2025-01-28,South,Hyderabad,Online,Consumer,P001,4,4231.55,0.05,1,3.7,No,Card
ORD-0348,2025-07-04,Central,Lahore,Online,Enterprise,P001,2,4237.39,0.0,4,5,No,Card
ORD-0349,2025-08-22,West,Peshawar,Retail Store,Consumer,P004,2,39226.77,0.0,0,3.6,No,Bank Transfer
ORD-0350,2025-09-14,South,Hyderabad,Online,Consumer,P005,2,57142.21,0.05,2,3.9,No,Digital Wallet
ORD-0351,2025-08-27,North,Islamabad,Online,,P009,1,18704.32,0.05,2,3.8,No,Bank Transfer
ORD-0352,2025-08-29,North,Rawalpindi,Online,Enterprise,P010,4,26951.39,0.1,2,3.9,No,Card
ORD-0353,2025-10-21,South,Hyderabad,Corporate,,P003,2,6202.08,0.1,2,4.6,No,Digital Wallet
ORD-0354,2025-03-31,West,Quetta,Retail Store,Consumer,P002,4,8337.21,0.05,0,4.1,No,Digital Wallet
ORD-0355,2025-07-31,Central,Lahore,Retail Store,SME,P002,3,8572.55,0.1,0,4.5,No,Bank Transfer
ORD-0356,2025-09-30,South,Hyderabad,Retail Store,Consumer,P011,3,22051.12,0.05,1,3.9,No,Card
ORD-0357,2025-08-10,Central,Faisalabad,Online,Consumer,P001,4,4268.83,0.1,4,4.2,No,Card
ORD-0358,2025-10-08,South,Karachi,Corporate,Consumer,P001,4,4162.58,0.05,1,4.2,No,Card
ORD-0359,2025-04-22,West,Quetta,Retail Store,Consumer,P011,4,21701.75,0.1,1,4.4,No,Card
ORD-0360,2025-05-31,North,Islamabad,Retail Store,Enterprise,P003,5,6109.73,0.1,0,4.4,No,Card
ORD-0361,2025-08-14,South,Karachi,Retail Store,Consumer,P005,1,58642.62,0.05,1,3.6,No,Digital Wallet
ORD-0362,2025-02-07,South,Hyderabad,Corporate,Consumer,P005,1,60019.46,0.05,2,5,No,Bank Transfer
ORD-0363,2025-09-09,North,Rawalpindi,Corporate,SME,P010,2,26680.46,0.15,4,3.6,No,Digital Wallet
ORD-0364,2025-07-25,South,Karachi,Online,Enterprise,P003,6,6254.98,0.0,3,4.4,No,Cash
ORD-0365,2025-07-03,North,Rawalpindi,Retail Store,Consumer,P002,4,8443.27,0.1,1,4.0,No,Bank Transfer
ORD-0366,2025-01-29,South,Karachi,Online,Consumer,P008,2,135485.51,0.1,3,3.2,No,Card
ORD-0367,2025-01-10,North,Islamabad,Online,SME,P001,3,4280.83,0.0,3,3.3,No,Digital Wallet
ORD-0368,2025-11-12,South,Karachi,Online,SME,P012,5,35669.56,0.05,1,3.5,No,Card
ORD-0369,2025-05-21,South,Hyderabad,Online,Consumer,P002,1,8313.02,0.1,5,,No,Digital Wallet
ORD-0370,2025-02-15,Central,Faisalabad,Online,SME,P010,2,27015.16,0.05,2,3.6,No,Bank Transfer
ORD-0371,2025-09-13,Central,Lahore,Retail Store,SME,P003,2,6085.39,0.15,0,4.2,No,Digital Wallet
ORD-0372,2025-08-26,Central,Lahore,Online,Consumer,P010,2,27495.9,0.0,3,4.1,No,Card
ORD-0373,2025-08-21,South,Karachi,Corporate,Consumer,P010,2,27524.59,0.0,2,5,No,Bank Transfer
ORD-0374,2025-04-28,Central,Faisalabad,Online,Consumer,P004,1,39205.01,0.0,2,4.4,No,Card
ORD-0375,2025-07-18,North,Rawalpindi,Retail Store,SME,P012,3,35683.59,0.05,0,4.2,No,Bank Transfer
ORD-0376,2025-06-01,Central,Lahore,Retail Store,SME,P002,4,8684.72,0.0,0,4.6,No,Card
ORD-0377,2025-05-07,South,Hyderabad,Retail Store,Enterprise,P007,3,254156.67,0.15,0,4.4,No,Cash
ORD-0378,2025-09-03,Central,Lahore,Retail Store,Consumer,P006,1,169947.05,0.0,0,4.2,No,Card
ORD-0379,2025-09-03,Central,Lahore,Retail Store,Enterprise,P009,2,19028.83,0.05,0,4.7,No,Bank Transfer
ORD-0380,2025-11-18,South,Hyderabad,Retail Store,Consumer,P009,1,18819.34,0.0,1,3.8,No,Bank Transfer
ORD-0381,2025-01-27,South,Hyderabad,Retail Store,Consumer,P003,2,6065.49,0.0,1,4.8,No,Bank Transfer
ORD-0382,2025-04-26,South,Hyderabad,Retail Store,Consumer,P001,3,4188.01,0.05,0,4.7,No,Bank Transfer
ORD-0383,2025-08-20,Central,Lahore,Online,Enterprise,P001,5,4146.67,0.15,4,4.6,No,Bank Transfer
ORD-0384,2025-11-18,South,Hyderabad,Corporate,Consumer,P001,5,4185.85,0.05,4,4.8,No,Digital Wallet
ORD-0385,2025-06-25,Central,Faisalabad,Retail Store,SME,P006,4,167576.71,0.05,0,4.5,No,Digital Wallet
ORD-0386,2025-06-30,South,Karachi,Retail Store,Consumer,P006,1,172769.92,0.1,1,4.7,No,Cash
ORD-0387,2025-06-12,North,Rawalpindi,Online,Consumer,P006,1,169668.78,0.15,4,4.8,No,Bank Transfer
ORD-0388,2025-09-13,Central,Faisalabad,Corporate,Consumer,P012,3,36442.86,0.0,6,3.3,No,Card
ORD-0389,2025-08-15,South,Karachi,Retail Store,Enterprise,P002,6,8402.12,0.05,0,4.0,No,Cash
ORD-0390,2025-05-23,South,Karachi,Retail Store,Consumer,P009,1,19028.18,0.0,0,4.3,No,Bank Transfer
ORD-0391,2025-07-04,North,Rawalpindi,Online,Consumer,P003,3,6377.64,0.1,5,4.6,No,Digital Wallet
ORD-0392,2025-08-06,Central,Faisalabad,Online,SME,P001,3,4193.6,0.1,3,4.2,No,Cash
ORD-0393,2025-05-20,North,Rawalpindi,Retail Store,SME,P001,4,4146.94,0.05,0,,No,Bank Transfer
ORD-0394,2025-05-15,South,Hyderabad,Online,SME,P003,4,6351.33,0.05,1,5,No,Digital Wallet
ORD-0395,2025-09-04,North,Rawalpindi,Retail Store,Consumer,P009,1,18359.25,0.05,0,4.4,No,Card
ORD-0396,2025-12-21,South,Karachi,Online,Consumer,P008,2,128425.82,0.0,3,4.4,No,Cash
ORD-0397,2025-06-15,Central,Faisalabad,Online,SME,P003,3,6018.8,0.05,2,4.8,No,Digital Wallet
ORD-0398,2025-04-24,Central,Lahore,Online,Enterprise,P001,3,4194.84,0.05,2,5,No,Bank Transfer
ORD-0399,2025-12-30,South,Karachi,Online,Enterprise,P002,4,8308.93,0.05,1,3.2,No,Cash
ORD-0400,2025-02-25,South,Karachi,Retail Store,Enterprise,P001,4,4264.15,0.1,1,4.6,No,Card
ORD-0401,2025-05-23,West,Peshawar,Online,Enterprise,P010,6,27074.01,0.1,7,4.5,Yes,Card
ORD-0402,2025-10-03,South,Karachi,Corporate,Enterprise,P011,5,21755.59,0.05,3,4.1,No,Digital Wallet
ORD-0403,2025-07-28,South,Hyderabad,Online,Consumer,P001,3,4214.4,0.0,1,4.1,No,Bank Transfer
ORD-0404,2025-08-16,South,Hyderabad,Online,Enterprise,P002,4,8723.93,0.05,3,5,No,Bank Transfer
ORD-0405,2025-03-03,South,Hyderabad,Retail Store,Enterprise,P009,3,18016.83,0.15,0,4.3,No,Digital Wallet
ORD-0406,2025-08-06,Central,Faisalabad,Retail Store,SME,P007,4,245858.73,0.05,0,5,No,Bank Transfer
ORD-0407,2025-04-29,Central,Lahore,Online,SME,P011,4,22108.97,0.0,3,4.1,No,Card
ORD-0408,2025-09-10,Central,Lahore,Online,Consumer,P005,2,59586.28,0.05,2,5,No,Digital Wallet
ORD-0409,2025-07-12,North,Islamabad,Online,SME,P011,3,21489.01,0.0,3,4.1,No,Cash
ORD-0410,2025-10-20,North,Islamabad,Retail Store,Consumer,P005,2,58910.46,0.0,0,3.5,No,Card
ORD-0411,2025-06-28,Central,Lahore,Retail Store,SME,P004,4,39132.99,0.0,0,4.7,No,Card
ORD-0412,2025-06-06,South,Karachi,Online,Consumer,P005,2,58738.85,0.1,2,4.1,No,Digital Wallet
ORD-0413,2025-10-21,South,Hyderabad,Online,SME,P003,3,6242.72,0.0,4,3.5,No,Cash
ORD-0414,2025-05-28,South,Hyderabad,Corporate,Consumer,P002,1,8546.85,0.0,3,3.5,No,Card
ORD-0415,2025-09-16,Central,Faisalabad,Retail Store,Consumer,P004,2,39796.16,0.05,1,3.9,No,Card
ORD-0416,2025-10-23,North,Rawalpindi,Online,SME,P010,4,28217.15,0.05,4,4.4,No,Card
ORD-0417,2025-08-11,North,Islamabad,Retail Store,Enterprise,P003,4,6109.4,0.1,0,4.3,Yes,Cash
ORD-0418,2025-08-12,North,Islamabad,Online,Consumer,P001,2,4236.36,0.0,4,4.1,No,Digital Wallet
ORD-0419,2025-02-02,West,Peshawar,Corporate,SME,P011,4,21159.49,0.05,3,3.9,No,Bank Transfer
ORD-0420,2025-09-12,West,Quetta,Retail Store,SME,P003,4,6362.01,0.0,0,4.2,No,Digital Wallet
ORD-0421,2025-10-29,South,Hyderabad,Retail Store,Consumer,P006,2,169842.0,0.15,0,3.6,No,Card
ORD-0422,2025-12-06,Central,Lahore,Retail Store,SME,P002,5,8570.86,0.05,1,5,No,Digital Wallet
ORD-0423,2025-07-21,West,Peshawar,Online,Enterprise,P009,4,18178.53,0.15,6,3.5,No,Cash
ORD-0424,2025-02-11,Central,Faisalabad,Retail Store,Consumer,P011,2,21918.48,0.05,1,4.9,No,Bank Transfer
ORD-0425,2025-01-27,Central,Lahore,Retail Store,SME,P001,4,4232.33,0.0,0,4.5,No,Card
ORD-0426,2025-11-29,Central,Faisalabad,Corporate,Consumer,P005,1,57659.99,0.05,3,3.8,No,Card
ORD-0427,2025-10-20,South,Karachi,Corporate,SME,P008,1,135755.09,0.0,2,3.9,No,Bank Transfer
ORD-0428,2025-07-08,South,Karachi,Online,Consumer,P010,2,28039.97,0.05,2,4.7,No,Digital Wallet
ORD-0429,2025-07-15,South,Karachi,Retail Store,Enterprise,P003,8,6169.62,0.05,0,5,No,Bank Transfer
ORD-0430,2025-11-28,North,Islamabad,Retail Store,Enterprise,P012,6,36967.21,0.1,0,4.6,No,Bank Transfer
ORD-0431,2025-08-30,West,Quetta,Online,Consumer,P004,2,39905.89,0.0,5,4.0,No,Card
ORD-0432,2025-08-28,South,Hyderabad,Retail Store,Consumer,P003,2,6378.01,0.05,0,4.2,No,Digital Wallet
ORD-0433,2025-05-16,North,Rawalpindi,Corporate,Consumer,P012,4,35521.56,0.0,1,4.3,No,Cash
ORD-0434,2025-09-11,South,Hyderabad,Corporate,SME,P004,1,40319.64,0.1,2,4.5,No,Card
ORD-0435,2025-05-20,North,Islamabad,Retail Store,Enterprise,P005,6,57378.8,0.15,0,4.5,No,Cash
ORD-0436,2025-12-15,West,Quetta,Online,SME,P012,4,35468.24,0.05,3,4.4,No,Cash
ORD-0437,2025-11-15,West,Peshawar,Corporate,Enterprise,P011,8,21127.66,0.0,5,4.3,No,Digital Wallet
ORD-0438,2025-04-02,South,Hyderabad,Online,Enterprise,P002,5,8575.06,0.15,3,4.7,No,Cash
ORD-0439,2025-11-05,South,Karachi,Corporate,Consumer,P005,2,58417.3,0.05,2,3.1,No,Bank Transfer
ORD-0440,2025-06-24,West,Quetta,Retail Store,SME,P011,3,21459.0,0.0,0,3.7,No,Card
ORD-0441,2025-10-19,South,Karachi,Corporate,Consumer,P005,2,57076.64,0.05,5,3.6,No,Card
ORD-0442,2025-12-05,North,Islamabad,Corporate,Consumer,P004,2,39059.05,0.05,3,3.1,No,Digital Wallet
ORD-0443,2025-02-10,Central,Faisalabad,Corporate,Consumer,P006,1,166940.93,0.0,4,3.8,No,Cash
ORD-0444,2025-06-05,Central,Faisalabad,Retail Store,Enterprise,P009,4,18042.27,0.0,0,3.7,No,Card
ORD-0445,2025-04-18,North,Islamabad,Retail Store,Consumer,P008,1,128721.86,0.1,0,4.1,No,Card
ORD-0446,2025-08-30,South,Hyderabad,Retail Store,Consumer,P006,2,163473.3,0.0,1,4.3,No,Bank Transfer
ORD-0447,2025-10-24,Central,Faisalabad,Online,Consumer,P005,2,57558.99,0.0,5,4.2,No,Card
ORD-0448,2025-03-01,North,Rawalpindi,Online,Consumer,P002,4,8420.36,0.0,3,5,No,Bank Transfer
ORD-0449,2025-03-09,West,Peshawar,Corporate,Enterprise,P009,7,18344.88,0.05,6,3.9,No,Cash
ORD-0450,2025-03-30,South,Hyderabad,Online,Consumer,P012,2,35863.66,0.0,4,4.4,No,Card
ORD-0451,2025-01-17,Central,Faisalabad,Online,SME,P001,4,4138.97,0.0,3,4.4,No,Card
ORD-0452,2025-09-21,Central,Lahore,Retail Store,Enterprise,P004,5,40596.47,0.1,0,4.4,No,Card
ORD-0453,2025-03-27,Central,Lahore,Corporate,Consumer,P003,4,6286.51,0.0,1,3.9,No,Digital Wallet
ORD-0454,2025-01-04,South,Hyderabad,Online,Consumer,P001,4,4164.88,0.05,1,4.9,No,Card
ORD-0455,2025-07-29,West,Peshawar,Corporate,Consumer,P010,1,26814.88,0.0,7,4.2,Yes,Cash
ORD-0456,2025-10-22,South,Hyderabad,Online,Enterprise,P009,4,18745.92,0.05,2,3.6,No,Bank Transfer
ORD-0457,2025-11-26,South,Hyderabad,Retail Store,Enterprise,P010,6,27954.41,0.15,1,5,No,Cash
ORD-0458,2025-10-04,South,Karachi,Retail Store,Consumer,P003,1,6024.38,0.1,1,4.2,No,Bank Transfer
ORD-0459,2025-07-10,South,Hyderabad,Online,SME,P012,4,36658.63,0.0,4,4.0,No,Bank Transfer
ORD-0460,2025-12-07,North,Islamabad,Online,Consumer,P010,1,27853.68,0.1,4,3.8,No,Bank Transfer
ORD-0461,2025-07-30,South,Karachi,Online,Consumer,P002,3,8590.18,0.0,3,3.2,No,Bank Transfer
ORD-0462,2025-12-19,West,Peshawar,Retail Store,Consumer,P002,5,8607.69,0.0,1,3.8,No,Card
ORD-0463,2025-10-14,North,Islamabad,Retail Store,Consumer,P001,2,4205.74,0.0,0,4.8,No,Cash
ORD-0464,2025-01-25,West,Peshawar,Corporate,Consumer,P010,2,26678.44,0.05,5,4.3,No,Card
ORD-0465,2025-07-13,North,Islamabad,Retail Store,Consumer,P005,2,59086.94,0.0,1,4.3,No,Cash
ORD-0466,2025-04-30,West,Peshawar,Retail Store,Enterprise,P011,7,21688.23,0.15,1,5,No,Card
ORD-0467,2025-02-13,South,Karachi,Corporate,Consumer,P009,1,18078.51,0.1,2,4.3,No,Card
ORD-0468,2025-08-16,South,Hyderabad,Online,Consumer,P011,3,21418.75,0.0,2,4.6,No,Card
ORD-0469,2025-03-15,South,Karachi,Online,Enterprise,P009,2,18627.07,0.05,1,4.5,No,Card
ORD-0470,2025-07-12,West,Quetta,Online,Consumer,P007,1,247895.53,0.1,5,3.9,No,Bank Transfer
ORD-0471,2025-07-28,Central,Lahore,Online,Enterprise,P009,3,18791.91,0.1,3,4.8,No,Digital Wallet
ORD-0472,2025-03-14,North,Islamabad,Corporate,Consumer,P004,2,38414.05,0.1,4,5,No,Card
ORD-0473,2025-05-20,Central,Faisalabad,Corporate,Enterprise,P002,6,8268.2,0.1,3,3.7,No,Card
ORD-0474,2025-05-24,Central,Lahore,Retail Store,Enterprise,P003,7,6250.28,0.15,1,4.0,No,Card
ORD-0475,2025-08-24,West,Peshawar,Online,SME,P008,1,132861.59,0.0,6,4.0,No,Cash
ORD-0476,2025-02-11,Central,Lahore,Retail Store,Enterprise,P010,5,27784.21,0.05,0,,No,Cash
ORD-0477,2025-08-25,North,Islamabad,Online,Consumer,P001,3,4122.26,0.1,2,3.4,No,Digital Wallet
ORD-0478,2025-09-10,West,Quetta,Online,Enterprise,P008,2,134929.74,0.1,3,3.4,No,Bank Transfer
ORD-0479,2025-02-03,Central,Lahore,Online,Enterprise,P011,6,21102.49,0.1,3,5,No,Card
ORD-0480,2025-08-07,Central,Lahore,Corporate,Consumer,P011,3,21012.02,0.05,3,3.5,Yes,Cash
ORD-0481,2025-09-30,North,Islamabad,Online,Consumer,P011,2,22116.74,0.05,3,4.7,No,Card
ORD-0482,2025-09-03,North,Islamabad,Retail Store,SME,P003,3,6054.12,0.0,0,4.5,No,Digital Wallet
ORD-0483,2025-02-07,Central,Faisalabad,Retail Store,SME,P007,1,255060.94,0.1,0,3.8,No,Card
ORD-0484,2025-06-04,Central,Faisalabad,Online,SME,P006,3,171527.29,0.0,5,3.6,No,Cash
ORD-0485,2025-08-26,Central,Lahore,Online,Enterprise,P010,5,27528.4,0.1,2,4.3,No,Bank Transfer
ORD-0486,2025-03-06,Central,Faisalabad,Online,Consumer,P008,1,129965.77,0.1,3,4.8,No,Digital Wallet
ORD-0487,2025-10-05,Central,Lahore,Retail Store,SME,P003,2,6035.32,0.05,1,4.5,No,Bank Transfer
ORD-0488,2025-04-14,Central,Faisalabad,Online,Consumer,P009,2,18610.74,0.0,1,3.5,No,Bank Transfer
ORD-0489,2025-01-22,North,Islamabad,Retail Store,,P005,2,57583.96,0.05,0,,No,Digital Wallet
ORD-0490,2025-07-03,South,Karachi,Online,Consumer,P008,2,128387.73,0.0,1,4.4,No,Cash
ORD-0491,2025-04-02,South,Karachi,Corporate,Enterprise,P001,7,4169.49,0.1,3,5,No,Card
ORD-0492,2025-09-27,West,Peshawar,Corporate,Consumer,P002,2,8342.76,0.0,7,3.2,No,Card
ORD-0493,2025-04-07,Central,Faisalabad,Corporate,Consumer,P001,2,4288.58,0.15,4,4.6,No,Bank Transfer
ORD-0494,2025-09-18,North,Rawalpindi,Retail Store,Consumer,P003,4,6280.22,0.05,0,4.0,No,Bank Transfer
ORD-0495,2025-04-17,South,Karachi,Retail Store,Consumer,P002,4,8536.4,0.1,0,4.2,No,Card
ORD-0496,2025-01-22,North,Rawalpindi,Online,Consumer,P004,2,39066.34,0.0,4,4.5,No,Card
ORD-0497,2025-09-20,North,Islamabad,Corporate,Enterprise,P001,3,4083.65,0.05,4,4.4,No,Digital Wallet
ORD-0498,2025-12-28,Central,Lahore,Corporate,SME,P009,4,17954.47,0.0,4,4.4,No,Bank Transfer
ORD-0499,2025-09-20,West,Quetta,Corporate,Consumer,P009,1,18471.63,0.05,4,4.5,No,Bank Transfer
ORD-0500,2025-04-07,North,Rawalpindi,Online,Consumer,P006,2,164360.62,0.1,1,3.9,No,Cash
ORD-0501,2025-08-06,Central,Faisalabad,Retail Store,SME,P003,1,6357.04,0.0,0,5,No,Cash
ORD-0502,2025-07-20,West,Quetta,Corporate,Consumer,P004,2,38572.47,0.05,3,4.7,No,Card
ORD-0503,2025-12-19,Central,Lahore,Online,Consumer,P012,2,35915.36,0.1,4,4.5,No,Digital Wallet
ORD-0504,2025-02-26,South,Hyderabad,Retail Store,Consumer,P012,2,37311.28,0.0,1,4.1,No,Card
ORD-0505,2025-08-23,South,Karachi,Corporate,Consumer,P010,1,27542.66,0.1,1,4.8,No,Cash
ORD-0506,2025-08-22,South,Hyderabad,Online,SME,P011,4,21086.66,0.05,1,3.7,No,Cash
ORD-0507,2025-01-23,South,Karachi,Online,SME,P003,2,6352.05,0.0,2,4.3,No,Cash
ORD-0508,2025-07-29,North,Rawalpindi,Online,Consumer,P001,4,4160.6,0.0,2,4.3,No,Cash
ORD-0509,2025-08-26,North,Islamabad,Online,SME,P009,4,18100.68,0.1,3,4.5,Yes,Card
ORD-0510,2025-07-20,South,Karachi,Retail Store,Consumer,P003,1,6346.08,0.05,0,3.9,No,Digital Wallet
ORD-0511,2025-12-04,West,Peshawar,Retail Store,,P007,1,252053.46,0.1,0,4.6,Yes,Card
ORD-0512,2025-12-15,Central,Lahore,Corporate,Consumer,P011,2,20911.78,0.05,3,3.8,No,Digital Wallet
ORD-0513,2025-04-29,South,Hyderabad,Online,Consumer,P008,1,131122.36,0.05,4,5,No,Bank Transfer
ORD-0514,2025-06-04,Central,Faisalabad,Corporate,Consumer,P006,1,165499.56,0.0,4,3.8,No,Digital Wallet
ORD-0515,2025-03-31,Central,Faisalabad,Corporate,SME,P001,4,4170.36,0.05,5,4.2,No,Card
ORD-0516,2025-06-08,South,Hyderabad,Retail Store,SME,P001,4,4148.75,0.0,0,5,No,Card
ORD-0517,2025-08-16,Central,Faisalabad,Online,Consumer,P010,1,27534.44,0.15,2,3.8,Yes,Digital Wallet
ORD-0518,2025-10-04,South,Karachi,Corporate,SME,P002,4,8338.61,0.05,3,4.5,No,Card
ORD-0519,2025-03-06,South,Karachi,Online,Consumer,P009,2,18127.22,0.0,1,4.7,No,Bank Transfer
ORD-0520,2025-09-04,South,Hyderabad,Online,Consumer,P004,2,40116.97,0.1,2,4.1,No,Digital Wallet
ORD-0521,2025-11-01,North,Islamabad,Online,Consumer,P004,2,39647.28,0.05,3,3.8,No,Card
ORD-0522,2025-07-11,North,Rawalpindi,Corporate,Enterprise,P003,6,6252.47,0.1,3,4.3,No,Bank Transfer
ORD-0523,2025-08-12,West,Peshawar,Retail Store,Consumer,P009,1,18667.51,0.1,1,4.3,No,Bank Transfer
ORD-0524,2025-12-07,Central,Faisalabad,Retail Store,Enterprise,P002,4,8251.29,0.1,0,5,No,Bank Transfer
ORD-0525,2025-04-07,Central,Lahore,Corporate,Consumer,P003,3,6287.02,0.1,5,3.5,No,Bank Transfer
ORD-0526,2025-05-18,Central,Faisalabad,Retail Store,Consumer,P002,2,8294.4,0.1,0,3.3,No,Card
ORD-0527,2025-04-12,North,Islamabad,Retail Store,SME,P002,2,8657.68,0.0,0,4.1,No,Digital Wallet
ORD-0528,2025-02-10,South,Hyderabad,Online,Consumer,P001,4,4196.27,0.1,3,4.3,No,Cash
ORD-0529,2025-04-19,North,Islamabad,Online,Consumer,P012,4,36441.38,0.0,2,4.5,No,Digital Wallet
ORD-0530,2025-12-07,North,Islamabad,Corporate,Enterprise,P010,2,27428.92,0.1,4,4.0,No,Digital Wallet
ORD-0531,2025-05-08,North,Rawalpindi,Retail Store,SME,P001,3,4233.71,0.1,1,3.9,No,Bank Transfer
ORD-0532,2025-08-08,West,Peshawar,Corporate,Enterprise,P011,7,21234.08,0.05,6,4.4,No,Digital Wallet
ORD-0533,2025-02-14,South,Hyderabad,Online,Consumer,P001,2,4127.33,0.1,3,4.1,No,Cash
ORD-0534,2025-07-16,Central,Lahore,Retail Store,SME,P012,2,37425.79,0.05,0,4.0,No,Cash
ORD-0535,2025-11-04,South,Hyderabad,Online,SME,P009,5,18670.85,0.1,1,4.4,No,Card
ORD-0536,2025-10-31,West,Quetta,Retail Store,Consumer,P003,2,6129.62,0.05,0,5,No,Bank Transfer
ORD-0537,2025-09-24,Central,Lahore,Online,Consumer,P011,2,21907.83,0.0,1,4.4,No,Card
ORD-0538,2025-12-26,South,Hyderabad,Online,Enterprise,P001,9,4233.03,0.05,4,4.5,No,Card
ORD-0539,2025-04-26,Central,Lahore,Corporate,SME,P011,4,22124.86,0.05,3,5,No,Card
ORD-0540,2025-07-20,North,Rawalpindi,Online,Enterprise,P009,7,18382.09,0.0,1,4.3,No,Digital Wallet
ORD-0541,2025-03-25,North,Rawalpindi,Retail Store,Consumer,P002,2,8620.01,0.0,1,3.4,No,Card
ORD-0542,2025-07-12,West,Peshawar,Retail Store,Consumer,P001,4,4119.27,0.0,1,3.7,No,Bank Transfer
ORD-0543,2025-05-04,North,Rawalpindi,Retail Store,Enterprise,P008,5,134184.73,0.15,1,3.5,No,Cash
ORD-0544,2025-05-21,Central,Faisalabad,Online,Consumer,P001,2,4079.8,0.05,2,4.0,No,Cash
ORD-0545,2025-11-27,Central,Faisalabad,Retail Store,Consumer,P001,5,4278.84,0.0,1,4.4,No,Digital Wallet
ORD-0546,2025-11-30,South,Karachi,Corporate,Enterprise,P002,8,8247.72,0.05,1,5,No,Card
ORD-0547,2025-02-13,West,Peshawar,Online,Consumer,P004,1,38903.56,0.0,5,5,No,Bank Transfer
ORD-0548,2025-06-10,North,Rawalpindi,Retail Store,Consumer,P009,1,18208.18,0.0,0,3.8,No,Card
ORD-0549,2025-10-30,South,Karachi,Retail Store,Consumer,P006,2,166808.37,0.1,0,2.7,No,Digital Wallet
ORD-0550,2025-11-19,Central,Lahore,Retail Store,SME,P008,2,131363.92,0.0,0,4.7,No,Digital Wallet
ORD-0551,2025-09-30,South,Hyderabad,Online,SME,P003,3,6068.43,0.1,2,4.5,No,Card
ORD-0552,2025-03-05,South,Hyderabad,Retail Store,SME,P001,3,4212.99,0.05,0,5,No,Card
ORD-0553,2025-09-30,North,Rawalpindi,Retail Store,Consumer,P001,2,4109.95,0.05,0,5,No,Cash
ORD-0554,2025-05-08,Central,Faisalabad,Retail Store,Consumer,P012,3,36009.05,0.05,1,5,No,Digital Wallet
ORD-0555,2025-06-10,Central,Lahore,Online,Consumer,P001,1,4261.34,0.05,2,2.9,No,Bank Transfer
ORD-0556,2025-09-03,North,Islamabad,Online,SME,P011,4,21761.34,0.1,3,4.3,No,Digital Wallet
ORD-0557,2025-11-08,South,Hyderabad,Corporate,SME,P011,2,20951.91,0.1,4,4.9,No,Bank Transfer
ORD-0558,2025-05-08,Central,Lahore,Online,Consumer,P003,4,6094.9,0.0,3,5,No,Card
ORD-0559,2025-09-07,South,Karachi,Retail Store,Consumer,P003,3,6345.15,0.0,0,3.9,Yes,Bank Transfer
ORD-0560,2025-03-20,North,Rawalpindi,Online,SME,P002,4,8435.9,0.0,4,3.7,No,Digital Wallet
ORD-0561,2025-03-13,South,Hyderabad,Online,Enterprise,P009,2,18155.42,0.0,1,4.9,No,Card
ORD-0562,2025-12-07,West,Quetta,Online,SME,P010,2,27211.06,0.1,2,4.2,No,Bank Transfer
ORD-0563,2025-01-11,South,Hyderabad,Retail Store,SME,P002,4,8742.98,0.05,0,3.7,No,Bank Transfer
ORD-0564,2025-04-06,South,Karachi,Corporate,Enterprise,P002,5,8486.69,0.1,2,5,No,Card
ORD-0565,2025-03-18,South,Karachi,Online,Consumer,P002,4,8254.01,0.0,3,4.7,No,Cash
ORD-0566,2025-08-07,North,Rawalpindi,Retail Store,Consumer,P003,3,6278.71,0.0,0,3.8,No,Card
ORD-0567,2025-05-27,North,Islamabad,Online,Consumer,P005,2,57813.29,0.0,5,4.2,No,Card
ORD-0568,2025-10-29,North,Rawalpindi,Online,Consumer,P007,1,253761.44,0.0,3,3.9,No,Digital Wallet
ORD-0569,2025-12-27,North,Islamabad,Online,Consumer,P003,2,6212.48,0.05,1,4.8,No,Cash
ORD-0570,2025-06-27,West,Peshawar,Retail Store,Consumer,P004,2,39308.04,0.1,1,4.3,No,Digital Wallet
ORD-0571,2025-02-01,Central,Lahore,Retail Store,Consumer,P009,1,18128.73,0.1,0,3.9,No,Bank Transfer
ORD-0572,2025-01-02,South,Karachi,Retail Store,Consumer,P011,3,21246.4,0.0,1,4.2,No,Bank Transfer
ORD-0573,2025-05-23,West,Peshawar,Corporate,Consumer,P012,1,35408.07,0.0,6,3.5,No,Cash
ORD-0574,2025-07-29,West,Peshawar,Online,Consumer,P010,2,27036.81,0.15,4,5,No,Digital Wallet
ORD-0575,2025-02-24,Central,Faisalabad,Corporate,Consumer,P008,1,134509.43,0.0,6,3.8,No,Cash
ORD-0576,2025-08-11,North,Rawalpindi,Online,Consumer,P002,2,8535.53,0.15,5,4.3,No,Digital Wallet
ORD-0577,2025-04-07,South,Karachi,Online,Consumer,P008,2,128833.85,0.05,3,4.1,No,Bank Transfer
ORD-0578,2025-11-26,West,Quetta,Online,Consumer,P002,1,8733.39,0.0,3,3.7,No,Bank Transfer
ORD-0579,2025-03-25,South,Hyderabad,Online,,P009,1,17968.54,0.0,4,4.0,No,Bank Transfer
ORD-0580,2025-04-27,North,Islamabad,Online,Consumer,P011,2,21489.45,0.15,3,4.5,No,Card
ORD-0581,2025-02-13,West,Quetta,Online,Consumer,P007,2,242795.27,0.05,8,3.3,No,Card
ORD-0582,2025-05-16,Central,Lahore,Corporate,Enterprise,P012,7,36106.36,0.05,5,3.9,No,Card
ORD-0583,2025-05-23,South,Hyderabad,Corporate,Consumer,P004,2,39486.27,0.05,1,5,No,Card
ORD-0584,2025-07-16,North,Rawalpindi,Retail Store,Consumer,P006,1,166837.04,0.05,0,4.1,No,Cash
ORD-0585,2025-02-14,South,Karachi,Online,Enterprise,P003,5,6356.58,0.0,1,5,No,Digital Wallet
ORD-0586,2025-10-10,West,Peshawar,Online,SME,P001,2,4316.44,0.05,5,4.2,No,Bank Transfer
ORD-0587,2025-02-07,North,Islamabad,Online,Consumer,P001,1,4217.43,0.1,3,4.6,No,Cash
ORD-0588,2025-07-30,Central,Faisalabad,Corporate,SME,P003,2,6341.79,0.0,3,3.5,Yes,Digital Wallet
ORD-0589,2025-10-11,Central,Faisalabad,Corporate,Consumer,P009,2,18978.91,0.0,4,4.6,No,Cash
ORD-0590,2025-07-20,South,Karachi,Corporate,Consumer,P003,4,6075.31,0.1,2,3.9,No,Card
ORD-0591,2025-01-15,South,Karachi,Retail Store,Consumer,P007,2,243353.63,0.0,0,4.3,No,Card
ORD-0592,2025-01-25,South,Hyderabad,Online,Consumer,P003,2,6130.98,0.0,3,4.0,No,Card
ORD-0593,2025-09-15,Central,Lahore,Online,SME,P005,1,57763.32,0.0,3,2.9,No,Cash
ORD-0594,2025-12-01,South,Karachi,Corporate,Consumer,P012,5,37124.92,0.0,3,4.7,No,Cash
ORD-0595,2025-11-09,Central,Lahore,Retail Store,Enterprise,P001,2,4267.11,0.05,0,3.7,No,Bank Transfer
ORD-0596,2025-02-04,South,Hyderabad,Online,Consumer,P009,2,18231.32,0.05,2,5,No,Card
ORD-0597,2025-01-21,North,Rawalpindi,Online,Enterprise,P011,4,21328.08,0.15,4,4.1,No,Bank Transfer
ORD-0598,2025-12-16,South,Karachi,Retail Store,Consumer,P010,1,26930.03,0.0,1,4.0,No,Bank Transfer
ORD-0599,2025-11-25,North,Rawalpindi,Online,Consumer,P001,5,4124.27,0.0,3,5,No,Bank Transfer
ORD-0600,2025-03-21,West,Quetta,Retail Store,Consumer,P001,2,4309.99,0.0,0,4.2,No,Card
ORD-0601,2025-12-17,North,Rawalpindi,Retail Store,Consumer,P001,2,4149.18,0.05,1,4.6,No,Card
ORD-0602,2025-06-02,South,Hyderabad,Corporate,Consumer,P006,1,172693.15,0.05,4,5,No,Bank Transfer
ORD-0603,2025-12-08,North,Islamabad,Online,Enterprise,P012,9,35436.07,0.15,2,3.7,No,Cash
ORD-0604,2025-08-19,West,Quetta,Retail Store,SME,P007,1,243813.11,0.15,0,4.3,No,Cash
ORD-0605,2025-04-18,West,Quetta,Online,Consumer,P003,2,6274.15,0.05,4,4.4,No,Bank Transfer
ORD-0606,2025-02-28,West,Peshawar,Online,Consumer,P007,2,246237.66,0.1,5,3.5,No,Bank Transfer
ORD-0607,2025-02-14,Central,Lahore,Online,Consumer,P012,4,37047.38,0.05,1,4.0,No,Digital Wallet
ORD-0608,2025-04-19,South,Hyderabad,Retail Store,Consumer,P011,3,22103.22,0.1,0,5,No,Bank Transfer
ORD-0609,2025-09-17,South,Hyderabad,Online,Enterprise,P011,7,20860.36,0.15,1,4.4,No,Digital Wallet
ORD-0610,2025-06-12,South,Hyderabad,Online,Enterprise,P002,8,8667.56,0.1,2,3.9,No,Digital Wallet
ORD-0611,2025-09-22,South,Karachi,Online,SME,P005,4,59704.04,0.05,2,4.2,No,Card
ORD-0612,2025-11-18,Central,Lahore,Online,SME,P011,5,20887.62,0.05,5,3.4,No,Cash
ORD-0613,2025-05-06,Central,Faisalabad,Corporate,SME,P003,2,6251.48,0.05,1,4.8,No,Card
ORD-0614,2025-02-17,South,Hyderabad,Corporate,Consumer,P001,4,4092.54,0.15,3,5,No,Card
ORD-0615,2025-04-03,South,Karachi,Retail Store,SME,P011,3,22136.92,0.05,1,4.7,No,Card
ORD-0616,2025-03-04,South,Karachi,Retail Store,Consumer,P010,1,28105.34,0.0,0,4.6,No,Cash
ORD-0617,2025-04-13,West,Peshawar,Retail Store,SME,P005,4,58275.58,0.15,0,4.3,No,Card
ORD-0618,2025-07-21,South,Hyderabad,Online,Consumer,P009,2,18924.97,0.05,2,3.1,No,Bank Transfer
ORD-0619,2025-07-11,West,Quetta,Online,Enterprise,P012,4,36047.71,0.1,3,2.9,No,Card
ORD-0620,2025-04-06,South,Karachi,Online,Consumer,P002,2,8249.91,0.05,2,3.8,No,Card
ORD-0621,2025-05-26,Central,Lahore,Online,Consumer,P007,1,249100.35,0.05,2,3.6,No,Card
ORD-0622,2025-01-24,West,Peshawar,Online,Consumer,P007,2,244077.96,0.0,7,3.9,No,Card
ORD-0623,2025-07-26,South,Karachi,Online,Consumer,P005,2,59283.62,0.0,2,3.6,No,Card
ORD-0624,2025-12-23,West,Peshawar,Corporate,Enterprise,P001,5,4081.38,0.05,6,4.3,No,Bank Transfer
ORD-0625,2025-07-08,Central,Lahore,Corporate,Enterprise,P003,2,6031.86,0.05,3,5,No,Bank Transfer
ORD-0626,2025-10-26,North,Islamabad,Online,Consumer,P007,2,250037.13,0.05,2,4.2,No,Bank Transfer
ORD-0627,2025-09-05,South,Hyderabad,Retail Store,SME,P003,2,6272.53,0.0,0,4.3,No,Digital Wallet
ORD-0628,2025-04-17,Central,Faisalabad,Retail Store,Consumer,P004,1,40324.3,0.0,0,4.3,No,Bank Transfer
ORD-0629,2025-09-20,South,Hyderabad,Online,Consumer,P002,2,8320.12,0.1,2,3.8,No,Card
ORD-0630,2025-08-20,South,Karachi,Corporate,Consumer,P004,1,39255.72,0.05,1,4.9,No,Card
ORD-0631,2025-04-10,South,Hyderabad,Online,Consumer,P007,2,242184.67,0.0,2,4.6,No,Digital Wallet
ORD-0632,2025-09-30,South,Karachi,Corporate,SME,P004,4,38555.09,0.05,3,3.9,No,Cash
ORD-0633,2025-11-02,South,Karachi,Online,Consumer,P009,2,18765.39,0.1,3,5,No,Card
ORD-0634,2025-12-08,North,Rawalpindi,Online,Enterprise,P011,4,21621.27,0.15,2,4.3,No,Digital Wallet
ORD-0635,2025-04-27,North,Islamabad,Retail Store,SME,P001,4,4197.65,0.0,1,4.2,No,Card
ORD-0636,2025-09-23,Central,Faisalabad,Online,SME,P009,1,18109.17,0.0,4,4.6,No,Card
ORD-0637,2025-08-09,South,Karachi,Online,Enterprise,P008,4,134986.98,0.1,6,4.5,No,Bank Transfer
ORD-0638,2025-06-19,North,Rawalpindi,Corporate,Consumer,P002,2,8466.06,0.05,2,5,No,Digital Wallet
ORD-0639,2025-08-27,Central,Faisalabad,Retail Store,SME,P003,3,6311.52,0.0,0,4.0,No,Digital Wallet
ORD-0640,2025-01-03,North,Islamabad,Online,Consumer,P011,1,21775.02,0.0,3,3.6,No,Card
ORD-0641,2025-05-08,Central,Faisalabad,Online,Enterprise,P001,4,4224.45,0.0,1,4.8,No,Card
ORD-0642,2025-08-02,North,Rawalpindi,Online,Consumer,P011,2,21340.0,0.1,2,4.4,No,Card
ORD-0643,2025-08-28,South,Hyderabad,Online,Consumer,P001,4,4096.28,0.0,4,3.6,No,Bank Transfer
ORD-0644,2025-05-31,South,Hyderabad,Online,SME,P005,4,59690.59,0.0,2,5,No,Bank Transfer
ORD-0645,2025-12-20,South,Karachi,Online,SME,P005,1,59207.52,0.05,3,4.2,No,Bank Transfer
ORD-0646,2025-01-04,Central,Lahore,Online,Consumer,P007,1,248294.96,0.0,3,4.3,No,Bank Transfer
ORD-0647,2025-09-05,West,Quetta,Corporate,Consumer,P010,2,28092.87,0.05,3,4.6,No,Digital Wallet
ORD-0648,2025-12-25,North,Rawalpindi,Retail Store,Consumer,P001,4,4242.26,0.0,0,3.1,No,Card
ORD-0649,2025-10-25,South,Hyderabad,Online,Enterprise,P012,5,36011.42,0.15,2,3.4,No,Card
ORD-0650,2025-02-02,South,Karachi,Online,SME,P003,3,6306.01,0.05,4,4.5,No,Bank Transfer
ORD-0651,2025-04-03,North,Rawalpindi,Online,Consumer,P012,4,35552.98,0.0,3,4.2,No,Bank Transfer
ORD-0652,2025-04-29,West,Quetta,Online,Enterprise,P009,5,18783.95,0.05,4,5,No,Digital Wallet
ORD-0653,2025-11-07,Central,Lahore,Corporate,Consumer,P009,2,18092.87,0.05,4,4.5,No,Card
ORD-0654,2025-09-28,Central,Lahore,Online,Consumer,P012,2,35477.79,0.0,4,5,No,Digital Wallet
ORD-0655,2025-11-25,North,Islamabad,Corporate,SME,P005,4,57996.26,0.1,3,4.5,No,Digital Wallet
ORD-0656,2025-09-22,South,Karachi,Retail Store,Consumer,P006,1,165218.13,0.15,0,3.6,No,Card
ORD-0657,2025-05-28,South,Karachi,Corporate,Enterprise,P005,5,58916.44,0.1,3,3.7,No,Digital Wallet
ORD-0658,2025-08-04,South,Hyderabad,Corporate,Consumer,P002,2,8365.16,0.0,4,3.8,No,Cash
ORD-0659,2025-08-02,Central,Lahore,Corporate,Consumer,P001,1,4082.97,0.05,2,3.7,No,Digital Wallet
ORD-0660,2025-01-29,South,Karachi,Retail Store,Enterprise,P009,7,17965.09,0.05,0,4.3,No,Bank Transfer
ORD-0661,2025-11-12,West,Peshawar,Online,Consumer,P011,2,20973.67,0.0,3,4.3,No,Card
ORD-0662,2025-05-08,Central,Lahore,Online,Consumer,P003,3,6238.1,0.1,1,4.6,No,Cash
ORD-0663,2025-10-06,South,Hyderabad,Corporate,Enterprise,P004,4,40546.18,0.1,2,4.0,No,Card
ORD-0664,2025-01-28,South,Hyderabad,Retail Store,SME,P003,2,6327.01,0.05,0,5,No,Card
ORD-0665,2025-03-14,South,Karachi,Retail Store,SME,P004,1,38365.46,0.1,0,4.1,No,Card
ORD-0666,2025-09-11,South,Hyderabad,Online,Consumer,P002,4,8516.57,0.05,3,5,No,Digital Wallet
ORD-0667,2025-05-15,Central,Lahore,Retail Store,Consumer,P011,4,21864.57,0.1,0,4.5,No,Bank Transfer
ORD-0668,2025-05-28,Central,Faisalabad,Online,SME,P010,3,26943.21,0.0,3,2.8,No,Card
ORD-0669,2025-02-13,West,Peshawar,Online,Consumer,P008,2,130168.48,0.0,4,3.3,Yes,Card
ORD-0670,2025-04-02,North,Islamabad,Online,Consumer,P012,2,36299.86,0.05,5,4.8,No,Digital Wallet
ORD-0671,2025-05-22,South,Hyderabad,Online,SME,P002,2,8303.37,0.0,1,3.1,No,Card
ORD-0672,2025-05-13,West,Quetta,Retail Store,Enterprise,P003,7,6237.42,0.05,0,3.9,No,Card
ORD-0673,2025-12-15,North,Rawalpindi,Corporate,Consumer,P003,4,6376.74,0.1,3,4.8,Yes,Bank Transfer
ORD-0674,2025-10-30,South,Karachi,Corporate,Consumer,P010,2,28225.9,0.0,2,3.4,No,Cash
ORD-0675,2025-04-25,North,Rawalpindi,Retail Store,Consumer,P011,4,21705.37,0.05,0,3.8,No,Digital Wallet
ORD-0676,2025-05-05,Central,Faisalabad,Online,Consumer,P012,4,37009.83,0.1,2,4.7,No,Digital Wallet
ORD-0677,2025-08-18,Central,Lahore,Retail Store,SME,P001,4,4243.87,0.05,1,4.2,No,Card
ORD-0678,2025-10-22,North,Islamabad,Corporate,Enterprise,P001,4,4140.37,0.1,4,5,No,Card
ORD-0679,2025-02-07,South,Hyderabad,Corporate,Consumer,P004,1,40002.4,0.0,1,5,No,Bank Transfer
ORD-0680,2025-07-01,West,Peshawar,Retail Store,SME,P004,4,39974.27,0.05,1,3.4,No,Digital Wallet
ORD-0681,2025-01-04,Central,Faisalabad,Retail Store,Consumer,P003,3,6365.45,0.0,0,4.0,No,Bank Transfer
ORD-0682,2025-05-27,South,Hyderabad,Retail Store,Enterprise,P001,7,4182.5,0.05,1,4.3,No,Card
ORD-0683,2025-09-07,North,Islamabad,Online,Enterprise,P012,2,36864.49,0.0,4,5,No,Card
ORD-0684,2025-10-04,North,Islamabad,Online,Enterprise,P001,3,4311.34,0.1,3,3.5,No,Card
ORD-0685,2025-03-03,North,Rawalpindi,Retail Store,Consumer,P001,2,4318.05,0.1,1,4.5,No,Bank Transfer
ORD-0686,2025-09-20,Central,Lahore,Retail Store,Consumer,P011,2,22057.75,0.1,0,3.2,No,Bank Transfer
ORD-0687,2025-11-21,Central,Lahore,Online,Consumer,P012,4,36434.55,0.1,2,4.3,No,Card
ORD-0688,2025-04-20,South,Karachi,Retail Store,SME,P009,1,18409.16,0.0,0,3.9,No,Bank Transfer
ORD-0689,2025-04-29,Central,Faisalabad,Retail Store,SME,P007,4,244955.81,0.0,0,3.9,No,Bank Transfer
ORD-0690,2025-04-01,North,Rawalpindi,Retail Store,Consumer,P004,1,40148.63,0.05,0,3.5,Yes,Card
ORD-0691,2025-07-29,South,Hyderabad,Online,Consumer,P004,2,39322.72,0.0,1,5,No,Bank Transfer
ORD-0692,2025-04-24,North,Islamabad,Retail Store,SME,P001,3,4226.45,0.0,1,4.5,Yes,Bank Transfer
ORD-0693,2025-06-30,Central,Lahore,Retail Store,Consumer,P003,2,6325.79,0.0,1,4.4,No,Card
ORD-0694,2025-01-07,South,Karachi,Retail Store,Consumer,P005,2,56893.42,0.0,0,5,No,Cash
ORD-0695,2025-03-05,Central,Faisalabad,Retail Store,Consumer,P009,2,18901.8,0.0,1,4.1,No,Card
ORD-0696,2025-03-19,South,Hyderabad,Online,SME,P003,4,6204.6,0.0,1,4.2,No,Cash
ORD-0697,2025-02-17,South,Hyderabad,Retail Store,Consumer,P011,4,20877.2,0.05,0,4.7,No,Cash
ORD-0698,2025-10-23,West,Peshawar,Corporate,Consumer,P005,1,59001.29,0.0,6,2.3,No,Card
ORD-0699,2025-05-08,South,Hyderabad,Retail Store,Consumer,P009,1,18010.42,0.05,0,4.0,No,Card
ORD-0700,2025-01-03,South,Karachi,Retail Store,SME,P006,3,172631.51,0.0,0,4.8,No,Bank Transfer
ORD-0701,2025-02-11,West,Peshawar,Retail Store,Consumer,P009,1,18522.13,0.0,0,2.6,Yes,Bank Transfer
ORD-0702,2025-09-07,South,Hyderabad,Online,Consumer,P004,2,40021.26,0.1,3,4.2,No,Bank Transfer
ORD-0703,2025-12-17,South,Hyderabad,Retail Store,Consumer,P005,2,59999.05,0.05,0,4.8,No,Cash
ORD-0704,2025-04-02,South,Karachi,Corporate,Consumer,P009,1,18715.39,0.05,2,4.5,No,Card
ORD-0705,2025-04-26,South,Karachi,Corporate,Consumer,P010,2,27639.37,0.0,1,3.8,No,Bank Transfer
ORD-0706,2025-03-20,South,Karachi,Online,Consumer,P001,3,4219.07,0.1,1,3.2,No,Bank Transfer
ORD-0707,2025-01-02,Central,Lahore,Online,SME,P002,4,8691.05,0.0,3,4.1,No,Bank Transfer
ORD-0708,2025-09-14,Central,Lahore,Retail Store,Consumer,P004,2,39156.33,0.1,0,2.9,No,Digital Wallet
ORD-0709,2025-12-31,South,Hyderabad,Retail Store,Consumer,P010,1,27595.54,0.05,0,4.0,No,Digital Wallet
ORD-0710,2025-08-06,South,Karachi,Online,Consumer,P009,1,18162.38,0.0,3,5,No,Digital Wallet
ORD-0711,2025-01-07,Central,Lahore,Retail Store,SME,P004,3,38964.79,0.0,1,4.8,No,Digital Wallet
ORD-0712,2025-08-31,Central,Lahore,Online,Consumer,P011,2,21978.48,0.0,1,3.2,No,Bank Transfer
ORD-0713,2025-10-06,South,Karachi,Retail Store,SME,P003,3,6350.93,0.05,0,4.9,No,Digital Wallet
ORD-0714,2025-12-09,South,Karachi,Corporate,Consumer,P009,1,18136.57,0.0,2,3.6,No,Digital Wallet
ORD-0715,2025-10-15,South,Hyderabad,Retail Store,Enterprise,P001,5,4103.3,0.0,1,,No,Card
ORD-0716,2025-11-23,North,Islamabad,Corporate,Enterprise,P003,9,6292.04,0.1,4,3.9,No,Bank Transfer
ORD-0717,2025-05-20,West,Quetta,Corporate,Consumer,P004,1,39476.03,0.05,6,3.4,No,Bank Transfer
ORD-0718,2025-10-27,North,Islamabad,Corporate,Consumer,P008,2,129682.98,0.05,4,3.0,No,Card
ORD-0719,2025-08-28,South,Karachi,Retail Store,SME,P005,4,58804.74,0.0,0,4.2,No,Digital Wallet
ORD-0720,2025-07-03,Central,Lahore,Online,Consumer,P003,2,6353.69,0.0,2,4.3,Yes,Digital Wallet
ORD-0721,2025-08-11,Central,Faisalabad,Corporate,Consumer,P003,4,6266.42,0.0,5,3.9,No,Digital Wallet
ORD-0722,2025-05-18,West,Peshawar,Retail Store,Consumer,P002,2,8730.26,0.05,0,4.7,No,Digital Wallet
ORD-0723,2025-06-27,North,Islamabad,Retail Store,SME,P002,3,8401.84,0.0,0,4.7,No,Cash
ORD-0724,2025-07-11,South,Karachi,Online,Consumer,P009,1,18958.24,0.05,3,3.4,No,Card
ORD-0725,2025-03-10,North,Rawalpindi,Corporate,SME,P009,4,18607.6,0.05,2,5,No,Card
ORD-0726,2025-05-01,North,Rawalpindi,Retail Store,Consumer,P007,2,254169.04,0.05,0,4.1,No,Card
ORD-0727,2025-03-19,South,Hyderabad,Retail Store,Consumer,P003,2,6074.84,0.05,0,4.3,No,Card
ORD-0728,2025-07-27,Central,Lahore,Online,Consumer,P005,2,56785.68,0.05,2,3.7,No,Bank Transfer
ORD-0729,2025-08-19,North,Rawalpindi,Retail Store,Enterprise,P012,2,37552.81,0.1,0,4.4,Yes,Digital Wallet
ORD-0730,2025-09-21,Central,Faisalabad,Online,Consumer,P001,4,4166.51,0.1,3,4.1,No,Card
ORD-0731,2025-04-02,South,Hyderabad,Online,Consumer,P008,1,130869.38,0.0,1,4.2,No,Card
ORD-0732,2025-08-09,West,Peshawar,Corporate,SME,P002,4,8284.03,0.0,4,5,No,Digital Wallet
ORD-0733,2025-02-10,South,Hyderabad,Online,Consumer,P012,2,37237.71,0.05,5,4.4,No,Card
ORD-0734,2025-05-05,Central,Lahore,Online,Consumer,P010,2,27128.4,0.05,4,4.6,Yes,Bank Transfer
ORD-0735,2025-01-03,North,Islamabad,Corporate,SME,P003,4,6050.14,0.0,4,4.1,No,Cash
ORD-0736,2025-08-04,Central,Faisalabad,Retail Store,Consumer,P006,2,166393.21,0.0,0,3.8,No,Digital Wallet
ORD-0737,2025-03-29,Central,Faisalabad,Online,SME,P006,1,169324.35,0.05,3,4.6,No,Bank Transfer
ORD-0738,2025-12-12,North,Islamabad,Retail Store,Consumer,P003,5,6384.45,0.0,1,4.2,No,Bank Transfer
ORD-0739,2025-03-05,South,Karachi,Online,Consumer,P003,4,6218.63,0.0,1,4.5,No,Cash
ORD-0740,2025-12-18,West,Peshawar,Retail Store,Consumer,P002,5,8630.98,0.0,0,5,No,Card
ORD-0741,2025-06-21,Central,Lahore,Retail Store,Consumer,P007,2,255056.8,0.0,1,4.7,No,Bank Transfer
ORD-0742,2025-07-29,West,Peshawar,Retail Store,Consumer,P008,1,135578.62,0.0,1,4.3,No,Cash
ORD-0743,2025-03-24,North,Islamabad,Online,Enterprise,P011,4,21232.95,0.15,3,4.9,No,Bank Transfer
ORD-0744,2025-08-25,North,Islamabad,Corporate,Enterprise,P011,3,21451.25,0.15,3,4.3,No,Digital Wallet
ORD-0745,2025-02-06,Central,Faisalabad,Corporate,Consumer,P009,1,18431.76,0.1,5,4.5,No,Cash
ORD-0746,2025-09-19,Central,Faisalabad,Online,Consumer,P002,2,8613.22,0.0,3,4.0,No,Bank Transfer
ORD-0747,2025-12-22,South,Hyderabad,Retail Store,SME,P003,5,6306.9,0.05,1,4.6,No,Card
ORD-0748,2025-05-30,South,Karachi,Retail Store,Consumer,P009,2,18116.43,0.1,0,4.3,No,Card
ORD-0749,2025-01-15,Central,Faisalabad,Online,Consumer,P003,4,6244.07,0.0,3,4.6,No,Card
ORD-0750,2025-09-06,Central,Faisalabad,Online,Enterprise,P001,3,4130.66,0.05,4,5,No,Card
ORD-0751,2025-10-19,West,Quetta,Corporate,Enterprise,P010,6,28156.92,0.1,5,4.2,No,Digital Wallet
ORD-0752,2025-10-01,Central,Lahore,Corporate,Consumer,P006,1,165426.5,0.1,4,5,No,Card
ORD-0753,2025-11-08,South,Hyderabad,Online,Consumer,P011,2,21529.1,0.05,1,3.8,No,Bank Transfer
ORD-0754,2025-11-21,South,Hyderabad,Online,Consumer,P002,5,8397.98,0.0,4,3.7,No,Cash
ORD-0755,2025-08-22,West,Peshawar,Retail Store,SME,P005,2,57898.52,0.05,0,4.8,No,Card
ORD-0756,2025-06-08,Central,Lahore,Corporate,Enterprise,P005,4,59880.72,0.1,3,3.8,No,Cash
ORD-0757,2025-06-25,Central,Lahore,Online,Consumer,P002,3,8408.21,0.05,3,4.7,No,Bank Transfer
ORD-0758,2025-07-22,Central,Lahore,Retail Store,Consumer,P012,4,37112.66,0.0,0,4.6,No,Digital Wallet
ORD-0759,2025-06-20,Central,Faisalabad,Online,Consumer,P004,2,38328.44,0.1,4,4.5,No,Card
ORD-0760,2025-12-27,South,Hyderabad,Online,Consumer,P003,4,6221.6,0.05,1,3.8,No,Card
ORD-0761,2025-10-31,North,Islamabad,Corporate,Consumer,P012,2,36018.51,0.05,3,4.5,No,Card
ORD-0762,2025-02-26,North,Islamabad,Online,SME,P004,2,40386.26,0.05,2,3.9,No,Card
ORD-0763,2025-10-13,North,Rawalpindi,Retail Store,Consumer,P010,2,28254.38,0.0,0,4.2,No,Card
ORD-0764,2025-12-27,South,Karachi,Online,SME,P004,5,40206.49,0.15,1,4.9,No,Digital Wallet
ORD-0765,2025-06-17,Central,Faisalabad,Online,Consumer,P001,1,4319.51,0.1,3,3.1,No,Card
ORD-0766,2025-04-08,Central,Faisalabad,Corporate,Consumer,P011,3,20949.2,0.05,3,3.8,No,Digital Wallet
ORD-0767,2025-10-22,South,Hyderabad,Online,Consumer,P004,2,40342.71,0.05,3,4.3,No,Card
ORD-0768,2025-10-23,South,Karachi,Online,Consumer,P001,2,4210.1,0.15,1,4.0,No,Card
ORD-0769,2025-05-19,South,Karachi,Corporate,Consumer,P011,2,21931.06,0.0,3,3.2,No,Bank Transfer
ORD-0770,2025-04-16,Central,Lahore,Online,Consumer,P011,2,21831.02,0.0,4,3.4,No,Card
ORD-0771,2025-09-17,South,Hyderabad,Retail Store,Enterprise,P001,5,4174.88,0.15,0,4.3,No,Card
ORD-0772,2025-11-30,South,Karachi,Retail Store,SME,P011,4,21796.22,0.15,0,4.3,No,Card
ORD-0773,2025-11-02,Central,Faisalabad,Online,Consumer,P002,2,8722.51,0.15,3,4.4,No,Card
ORD-0774,2025-06-06,North,Rawalpindi,Corporate,Consumer,P003,3,6024.6,0.05,2,4.2,No,Bank Transfer
ORD-0775,2025-03-28,South,Karachi,Online,Consumer,P004,1,38581.41,0.05,1,5,No,Card
ORD-0776,2025-06-09,North,Rawalpindi,Online,SME,P003,4,6197.32,0.1,3,3.9,No,Digital Wallet
ORD-0777,2025-02-18,Central,Faisalabad,Corporate,Consumer,P002,3,8412.6,0.15,3,3.9,No,Digital Wallet
ORD-0778,2025-08-05,North,Islamabad,Retail Store,Enterprise,P001,5,4274.14,0.15,0,3.6,No,Card
ORD-0779,2025-06-15,South,Hyderabad,Retail Store,Consumer,P008,2,131620.66,0.0,1,4.2,No,Cash
ORD-0780,2025-04-06,South,Hyderabad,Corporate,Consumer,P001,3,4089.91,0.0,3,3.2,No,Card
ORD-0781,2025-10-09,Central,Lahore,Corporate,Consumer,P004,1,40605.11,0.15,1,4.7,No,Bank Transfer
ORD-0782,2025-01-09,South,Hyderabad,Retail Store,SME,P006,1,171026.62,0.0,0,5,No,Digital Wallet
ORD-0783,2025-12-15,South,Karachi,Corporate,SME,P002,5,8386.99,0.15,1,5,No,Digital Wallet
ORD-0784,2025-06-03,South,Hyderabad,Retail Store,SME,P002,1,8630.14,0.0,0,4.7,No,Digital Wallet
ORD-0785,2025-11-27,North,Islamabad,Online,Consumer,P002,2,8700.25,0.0,1,,No,Cash
ORD-0786,2025-03-02,North,Islamabad,Corporate,SME,P002,4,8664.34,0.05,3,4.0,No,Cash
ORD-0787,2025-01-21,North,Rawalpindi,Online,Consumer,P007,2,251845.88,0.0,3,5,No,Bank Transfer
ORD-0788,2025-12-07,North,Rawalpindi,Online,SME,P011,4,22022.1,0.05,6,3.7,No,Card
ORD-0789,2025-10-27,North,Rawalpindi,Retail Store,Consumer,P010,2,27600.11,0.1,0,3.8,No,Digital Wallet
ORD-0790,2025-02-25,Central,Lahore,Retail Store,Consumer,P010,2,27632.2,0.05,1,3.7,No,Card
ORD-0791,2025-10-21,Central,Lahore,Corporate,SME,P008,4,133339.02,0.0,4,4.1,No,Card
ORD-0792,2025-08-22,Central,Faisalabad,Online,SME,P003,3,6179.91,0.0,3,2.3,No,Cash
ORD-0793,2025-10-08,Central,Faisalabad,Retail Store,SME,P002,4,8415.22,0.05,1,4.8,No,Digital Wallet
ORD-0794,2025-02-16,Central,Faisalabad,Retail Store,SME,P009,2,18238.8,0.05,0,3.9,No,Card
ORD-0795,2025-04-08,Central,Faisalabad,Retail Store,Consumer,P004,1,38785.73,0.0,1,4.8,No,Cash
ORD-0796,2025-06-24,North,Rawalpindi,Online,Consumer,P011,2,21272.75,0.0,3,3.8,No,Digital Wallet
ORD-0797,2025-12-22,West,Quetta,Corporate,Consumer,P010,1,26695.49,0.05,3,3.4,No,Bank Transfer
ORD-0798,2025-09-23,Central,Faisalabad,Retail Store,SME,P012,4,36215.8,0.1,0,4.0,No,Card
ORD-0799,2025-05-07,Central,Lahore,Online,Enterprise,P012,7,36577.44,0.0,4,4.5,No,Cash
ORD-0800,2025-04-25,North,Islamabad,Retail Store,Consumer,P007,1,254743.08,0.0,1,3.8,No,Cash
ORD-0801,2025-12-28,South,Hyderabad,Online,SME,P006,1,170153.21,0.05,5,3.4,No,Bank Transfer
ORD-0802,2025-06-19,South,Hyderabad,Online,Consumer,P009,2,18902.63,0.15,4,4.6,No,Cash
ORD-0803,2025-07-31,Central,Lahore,Online,SME,P010,2,28053.97,0.0,5,3.6,No,Card
ORD-0804,2025-12-17,North,Rawalpindi,Online,Consumer,P011,1,21256.44,0.0,3,4.5,No,Card
ORD-0805,2025-02-11,South,Karachi,Retail Store,Consumer,P007,1,250718.73,0.0,0,5,Yes,Bank Transfer
ORD-0806,2025-10-16,North,Islamabad,Corporate,Consumer,P008,1,132278.89,0.15,3,5,No,Bank Transfer
ORD-0807,2025-04-01,North,Rawalpindi,Online,Consumer,P006,1,171096.62,0.0,4,4.1,No,Bank Transfer
ORD-0808,2025-11-05,South,Hyderabad,Corporate,Enterprise,P006,6,170863.35,0.15,3,4.7,No,Digital Wallet
ORD-0809,2025-01-22,South,Hyderabad,Corporate,Enterprise,P009,6,18054.65,0.1,2,4.0,No,Bank Transfer
ORD-0810,2025-10-07,Central,Faisalabad,Online,Consumer,P002,4,8466.92,0.0,2,4.6,No,Bank Transfer
ORD-0811,2025-05-28,Central,Lahore,Retail Store,Consumer,P012,2,36808.64,0.05,1,4.3,Yes,Digital Wallet
ORD-0812,2025-10-03,South,Hyderabad,Retail Store,Consumer,P002,2,8709.44,0.0,0,5,No,Card
ORD-0813,2025-01-08,South,Hyderabad,Online,SME,P011,2,21705.88,0.1,1,4.1,No,Card
ORD-0814,2025-03-21,South,Karachi,Retail Store,Consumer,P011,2,22067.95,0.05,0,4.6,No,Card
ORD-0815,2025-04-08,Central,Faisalabad,Online,Consumer,P009,1,18717.56,0.05,3,3.9,No,Card
ORD-0816,2025-04-04,North,Islamabad,Corporate,Consumer,P009,2,18261.14,0.0,4,3.9,No,Bank Transfer
ORD-0817,2025-02-14,North,Rawalpindi,Online,Consumer,P001,2,4102.07,0.0,3,4.4,No,Card
ORD-0818,2025-03-15,North,Islamabad,Retail Store,Consumer,P012,3,35500.83,0.0,0,3.4,No,Card
ORD-0819,2025-07-20,North,Rawalpindi,Retail Store,Consumer,P008,2,133251.46,0.05,0,5,No,Card
ORD-0820,2025-03-15,North,Rawalpindi,Online,SME,P004,1,39781.05,0.0,4,4.0,No,Card
ORD-0821,2025-10-16,South,Hyderabad,Retail Store,Consumer,P002,1,8255.09,0.1,0,5,No,Bank Transfer
ORD-0822,2025-12-16,North,Rawalpindi,Online,Enterprise,P004,4,39391.51,0.15,2,4.0,No,Bank Transfer
ORD-0823,2025-01-11,North,Rawalpindi,Online,Consumer,P009,1,19041.11,0.0,5,3.8,No,Digital Wallet
ORD-0824,2025-07-18,North,Rawalpindi,Online,Consumer,P009,1,18218.07,0.05,2,2.8,No,Cash
ORD-0825,2025-07-29,North,Rawalpindi,Online,Consumer,P001,3,4301.98,0.15,2,4.7,No,Card
ORD-0826,2025-09-22,North,Rawalpindi,Online,Consumer,P006,1,165715.07,0.1,2,3.9,No,Cash
ORD-0827,2025-08-28,South,Karachi,Retail Store,Consumer,P008,1,133395.42,0.1,0,4.1,Yes,Digital Wallet
ORD-0828,2025-02-16,South,Hyderabad,Online,Consumer,P002,3,8562.85,0.0,3,3.9,No,Card
ORD-0829,2025-03-23,West,Quetta,Online,Consumer,P011,2,21579.55,0.05,5,3.6,No,Card
ORD-0830,2025-08-16,South,Karachi,Online,Consumer,P004,1,40133.12,0.05,3,4.2,No,Bank Transfer
ORD-0831,2025-09-09,West,Peshawar,Corporate,Enterprise,P011,2,21029.08,0.05,4,4.5,No,Cash
ORD-0832,2025-06-14,South,Karachi,Online,Enterprise,P005,7,59872.58,0.05,3,5,No,Card
ORD-0833,2025-09-08,South,Karachi,Online,Consumer,P003,4,6139.56,0.0,4,4.2,No,Card
ORD-0834,2025-11-16,South,Karachi,Online,Consumer,P005,2,56871.3,0.05,1,5,No,Cash
ORD-0835,2025-06-27,Central,Lahore,Retail Store,Consumer,P011,3,21966.31,0.1,0,4.7,No,Card
ORD-0836,2025-05-02,Central,Lahore,Online,Consumer,P010,1,26932.8,0.05,1,4.7,No,Cash
ORD-0837,2025-12-27,South,Karachi,Online,SME,P001,5,4126.98,0.05,1,4.0,No,Cash
ORD-0838,2025-08-29,South,Karachi,Online,Consumer,P001,3,4110.26,0.05,1,5,No,Card
ORD-0839,2025-04-27,South,Hyderabad,Retail Store,Consumer,P003,3,6320.7,0.05,1,4.1,Yes,Digital Wallet
ORD-0840,2025-03-24,South,Karachi,Retail Store,Enterprise,P001,5,4243.86,0.15,0,5,No,Bank Transfer
ORD-0841,2025-12-15,Central,Lahore,Retail Store,SME,P003,5,6151.8,0.0,1,4.3,No,Card
ORD-0842,2025-06-30,North,Rawalpindi,Online,SME,P012,4,37307.41,0.05,4,5,No,Digital Wallet
ORD-0843,2025-07-15,West,Quetta,Online,Consumer,P010,1,26924.21,0.15,5,4.2,No,Card
ORD-0844,2025-03-23,South,Hyderabad,Online,Consumer,P009,2,18427.97,0.1,1,4.3,No,Card
ORD-0845,2025-11-08,South,Karachi,Retail Store,Consumer,P002,2,8733.0,0.05,0,4.0,No,Card
ORD-0846,2025-12-19,Central,Faisalabad,Retail Store,Consumer,P001,5,4136.02,0.15,0,3.6,No,Digital Wallet
ORD-0847,2025-06-24,North,Rawalpindi,Retail Store,Enterprise,P012,8,36955.75,0.1,0,3.5,Yes,Bank Transfer
ORD-0848,2025-11-16,South,Hyderabad,Retail Store,Enterprise,P012,9,35551.57,0.1,0,4.3,No,Bank Transfer
ORD-0849,2025-04-25,Central,Faisalabad,Online,SME,P006,3,172603.21,0.05,2,5,No,Digital Wallet
ORD-0850,2025-11-06,South,Karachi,Retail Store,Consumer,P010,2,27084.57,0.0,0,4.1,No,Card
ORD-0851,2025-07-08,North,Islamabad,Online,Consumer,P002,3,8299.95,0.0,4,4.1,No,Card
ORD-0852,2025-03-05,South,Hyderabad,Retail Store,Consumer,P003,2,6247.95,0.05,0,5,No,Bank Transfer
ORD-0853,2025-06-15,North,Islamabad,Corporate,Consumer,P009,1,18496.31,0.1,3,4.5,No,Cash
ORD-0854,2025-07-02,South,Hyderabad,Online,Consumer,P004,1,39558.49,0.05,1,4.5,No,Digital Wallet
ORD-0855,2025-05-14,South,Karachi,Retail Store,SME,P001,4,4084.68,0.0,0,5,No,Card
ORD-0856,2025-07-22,South,Hyderabad,Retail Store,SME,P009,1,17989.54,0.05,0,3.8,No,Bank Transfer
ORD-0857,2025-07-08,North,Islamabad,Online,Consumer,P001,3,4214.18,0.05,3,4.6,No,Card
ORD-0858,2025-03-03,Central,Faisalabad,Online,SME,P008,4,129660.35,0.0,3,4.5,No,Card
ORD-0859,2025-06-02,Central,Lahore,Corporate,SME,P003,2,6224.87,0.1,3,5,No,Card
ORD-0860,2025-09-13,West,Peshawar,Retail Store,Consumer,P004,1,40497.34,0.05,1,3.8,No,Card
ORD-0861,2025-01-16,Central,Lahore,Corporate,Enterprise,P003,5,6050.17,0.05,6,2.9,No,Bank Transfer
ORD-0862,2025-06-02,Central,Lahore,Online,,P011,1,22041.03,0.1,1,4.2,No,Bank Transfer
ORD-0863,2025-05-01,North,Rawalpindi,Online,SME,P005,2,57501.32,0.0,3,4.1,No,Bank Transfer
ORD-0864,2025-01-23,Central,Faisalabad,Retail Store,,P002,3,8587.33,0.15,0,4.4,No,Bank Transfer
ORD-0865,2025-10-16,Central,Faisalabad,Retail Store,SME,P010,1,27147.75,0.0,0,3.5,No,Cash
ORD-0866,2025-03-16,South,Hyderabad,Online,SME,P003,3,6068.92,0.05,2,5,No,Digital Wallet
ORD-0867,2025-03-12,South,Hyderabad,Retail Store,Consumer,P006,1,171928.59,0.0,1,3.6,No,Card
ORD-0868,2025-10-21,South,Karachi,Corporate,Consumer,P010,1,28309.33,0.05,1,4.1,No,Bank Transfer
ORD-0869,2025-12-17,Central,Faisalabad,Retail Store,Consumer,P011,5,21529.83,0.15,0,4.2,No,Card
ORD-0870,2025-12-22,West,Quetta,Retail Store,Enterprise,P012,5,35721.14,0.0,0,3.3,No,Card
ORD-0871,2025-04-08,South,Karachi,Online,Consumer,P011,1,21181.93,0.15,1,4.5,No,Cash
ORD-0872,2025-04-17,South,Hyderabad,Retail Store,SME,P009,1,18499.99,0.0,0,3.9,No,Bank Transfer
ORD-0873,2025-11-14,West,Peshawar,Corporate,Consumer,P012,5,35957.22,0.05,3,4.7,No,Bank Transfer
ORD-0874,2025-08-29,South,Hyderabad,Retail Store,SME,P004,4,38540.04,0.05,1,3.4,No,Cash
ORD-0875,2025-09-15,South,Hyderabad,Retail Store,Consumer,P011,3,21610.5,0.05,0,4.6,No,Card
ORD-0876,2025-12-18,South,Karachi,Online,Consumer,P001,5,4085.06,0.0,3,3.7,No,Bank Transfer
ORD-0877,2025-02-21,South,Karachi,Retail Store,Enterprise,P006,5,167961.15,0.1,0,3.1,Yes,Bank Transfer
ORD-0878,2025-02-24,North,Islamabad,Online,SME,P004,1,38521.77,0.1,2,3.6,No,Card
ORD-0879,2025-01-13,South,Karachi,Retail Store,Consumer,P012,3,36451.56,0.15,1,4.5,No,Card
ORD-0880,2025-12-26,North,Rawalpindi,Online,SME,P001,4,4150.44,0.1,4,4.3,No,Cash
ORD-0881,2025-03-30,North,Islamabad,Online,Consumer,P005,1,58421.69,0.15,4,4.6,No,Bank Transfer
ORD-0882,2025-05-15,North,Rawalpindi,Online,Consumer,P004,1,39906.82,0.1,3,3.6,No,Cash
ORD-0883,2025-09-18,West,Quetta,Online,Consumer,P005,1,58263.92,0.0,6,4.2,No,Card
ORD-0884,2025-07-21,South,Hyderabad,Online,Consumer,P003,4,6204.26,0.0,2,4.9,No,Digital Wallet
ORD-0885,2025-10-21,South,Hyderabad,Online,Consumer,P003,3,6248.03,0.1,1,4.9,No,Digital Wallet
ORD-0886,2025-04-08,South,Hyderabad,Online,Consumer,P009,2,18237.94,0.05,1,3.6,No,Card
ORD-0887,2025-12-18,Central,Faisalabad,Online,Consumer,P005,1,59288.32,0.1,1,4.6,No,Card
ORD-0888,2025-05-06,North,Rawalpindi,Corporate,Consumer,P003,2,6107.94,0.15,5,4.8,Yes,Card
ORD-0889,2025-08-21,West,Peshawar,Retail Store,Consumer,P003,4,6235.44,0.05,0,2.5,No,Card
ORD-0890,2025-01-28,South,Karachi,Online,Consumer,P003,4,6090.22,0.1,2,4.2,No,Bank Transfer
ORD-0891,2025-04-29,South,Hyderabad,Corporate,Consumer,P002,3,8633.8,0.0,3,4.1,No,Card
ORD-0892,2025-11-11,West,Peshawar,Corporate,Consumer,P002,2,8368.43,0.05,6,3.7,Yes,Cash
ORD-0893,2025-07-17,North,Islamabad,Online,Consumer,P009,2,18111.93,0.1,4,3.4,Yes,Cash
ORD-0894,2025-08-12,Central,Faisalabad,Online,Consumer,P008,2,132843.91,0.0,3,3.4,No,Bank Transfer
ORD-0895,2025-06-10,South,Hyderabad,Online,Consumer,P002,2,8595.11,0.05,2,4.1,No,Card
ORD-0896,2025-01-11,North,Rawalpindi,Corporate,Consumer,P003,3,6150.37,0.15,2,4.3,No,Cash
ORD-0897,2025-01-19,West,Peshawar,Online,Consumer,P009,1,18047.54,0.05,5,4.2,No,Bank Transfer
ORD-0898,2025-05-23,Central,Lahore,Online,Consumer,P005,1,59805.05,0.05,1,3.7,No,Digital Wallet
ORD-0899,2025-08-29,West,Quetta,Online,SME,P002,1,8639.15,0.0,5,3.3,No,Bank Transfer
ORD-0900,2025-10-01,West,Quetta,Corporate,Consumer,P002,2,8500.47,0.1,4,4.5,No,Digital Wallet
