customer_id,region,customer_tier,account_age_months,total_orders,lifetime_value
C0001,South,Plus,48,9,778.26
C0002,East,Premium,57,27,2639.72
C0003,North,Standard,64,10,930.59
C0004,West,Plus,27,12,1168.63
C0005,North,Standard,34,11,515.67
C0006,North,Standard,58,10,1000.25
C0007,East,Plus,41,15,733.58
C0008,North,Standard,71,6,494.09
C0009,East,Plus,72,13,831.36
C0010,North,Standard,8,8,708.59
C0011,North,Standard,70,10,1117.21
C0012,North,Standard,51,10,703.44
C0013,South,Standard,13,6,386.9
C0014,North,Plus,22,23,3035.82
C0015,South,Standard,20,8,841.88
C0016,North,Premium,40,23,3814.61
C0017,East,Standard,18,6,399.17
C0018,West,Plus,34,11,811.63
C0019,North,Premium,14,11,2363.17
C0020,,Premium,7,22,3984.59
C0021,South,Plus,30,8,596.02
C0022,North,Premium,69,16,1383.24
C0023,East,Standard,27,7,381.65
C0024,East,Standard,2,8,364.15
C0025,South,Premium,6,19,3123.95
C0026,South,Premium,38,30,4438.36
C0027,North,Plus,61,9,1370.42
C0028,West,Plus,14,18,2379.89
C0029,North,Standard,48,13,716.51
C0030,West,Plus,61,8,889.48
C0031,West,Standard,14,5,224.08
C0032,North,Standard,52,6,656.25
C0033,North,Plus,39,10,730.57
C0034,South,Standard,69,5,568.06
C0035,West,Standard,61,13,609.44
C0036,South,Standard,12,9,566.2
C0037,West,Standard,70,11,1063.54
C0038,,Standard,38,10,495.6
C0039,East,Standard,1,9,818.27
C0040,West,Standard,67,8,916.57
C0041,South,Standard,54,12,1020.02
C0042,North,Plus,40,13,1015.78
C0043,South,Standard,23,11,469.56
C0044,North,Premium,63,18,3273.22
C0045,West,Standard,2,2,78.78
C0046,West,Plus,71,11,570.07
C0047,West,Plus,70,17,2347.65
C0048,North,Standard,33,8,762.74
C0049,East,Premium,54,25,1925.83
C0050,West,Standard,28,11,860.31
C0051,South,Standard,66,6,420.02
C0052,North,Standard,61,5,418.29
C0053,East,Standard,43,15,1592.66
C0054,North,Standard,3,4,198.82
C0055,,Standard,5,6,396.11
C0056,West,Premium,6,26,4373.53
C0057,South,Plus,55,16,1097.61
C0058,North,Standard,34,9,892.83
C0059,South,Standard,35,4,239.3
C0060,East,Standard,72,8,529.29
C0061,South,Standard,64,12,1355.68
C0062,North,Plus,29,12,578.92
C0063,South,Premium,50,19,1218.26
C0064,East,Standard,13,17,1655.27
C0065,South,Plus,46,9,1182.57
C0066,West,Standard,64,9,600.12
C0067,North,Standard,27,10,787.43
C0068,North,Plus,39,13,1556.27
C0069,West,Standard,30,8,512.51
C0070,,Plus,31,13,1417.3
C0071,East,Premium,62,23,4669.94
C0072,North,Standard,25,3,220.59
C0073,South,Plus,64,17,1308.01
C0074,North,Premium,28,22,3374.45
C0075,South,Plus,2,11,689.44
C0076,South,Premium,1,23,4207.28
C0077,South,Standard,62,12,1398.97
C0078,North,Standard,22,5,222.43
C0079,North,Standard,56,5,222.63
C0080,North,Premium,12,22,2507.19
C0081,West,Standard,40,9,667.49
C0082,North,Plus,14,5,735.15
C0083,North,Standard,68,4,340.67
C0084,North,Plus,36,19,1206.18
C0085,West,Plus,72,13,2005.95
C0086,West,Standard,53,7,451.15
C0087,North,Standard,51,9,703.08
C0088,North,Premium,20,23,4606.61
C0089,East,Premium,30,24,1697.51
C0090,South,Plus,10,11,808.83
C0091,East,Plus,14,13,1634.07
C0092,West,Standard,20,7,774.35
C0093,East,Standard,12,8,877.29
C0094,East,Standard,30,9,883.85
C0095,West,Standard,16,11,737.69
C0096,North,Standard,56,8,417.42
C0097,East,Standard,35,7,395.2
C0098,West,Standard,23,9,962.03
C0099,East,Plus,29,10,632.14
C0100,East,Plus,27,17,1470.9
C0101,West,Standard,8,8,561.23
C0102,North,Standard,14,11,843.72
C0103,East,Standard,29,7,368.59
C0104,North,Standard,63,9,882.34
C0105,North,Standard,61,9,650.06
C0106,North,Plus,55,7,418.3
C0107,East,Standard,57,11,1176.02
C0108,South,Standard,72,16,1115.09
C0109,North,Standard,19,5,259.07
C0110,West,Plus,68,11,657.74
C0111,North,Standard,56,12,1119.14
C0112,South,Standard,39,16,1597.12
C0113,South,Standard,46,9,320.74
C0114,West,Standard,33,7,496.57
C0115,West,Plus,64,29,1761.71
C0116,South,Plus,18,19,1099.32
C0117,North,Plus,42,13,1310.85
C0118,East,Plus,58,14,1762.97
C0119,South,Premium,24,21,1488.21
C0120,South,Plus,55,18,1458.55
C0121,West,Plus,52,14,859.63
C0122,North,Premium,66,16,1173.29
C0123,North,Standard,17,6,649.01
C0124,East,Plus,40,18,1603.62
C0125,South,Plus,43,17,2182.87
C0126,South,Standard,23,5,249.52
C0127,South,Plus,5,16,1422.68
C0128,West,Premium,69,28,2709.9
C0129,South,Plus,69,17,1808.38
C0130,East,Plus,27,15,1113.76
C0131,West,Standard,19,8,280.73
C0132,West,Standard,44,7,593.53
C0133,East,Standard,22,4,185.8
C0134,,Premium,13,20,2353.55
C0135,East,Standard,67,5,438.32
C0136,West,Standard,15,10,1181.84
C0137,South,Standard,39,7,760.36
C0138,South,Plus,42,13,1501.02
C0139,West,Premium,58,20,2640.2
C0140,South,Standard,28,6,578.79
C0141,North,Standard,63,12,459.31
C0142,East,Plus,66,19,1842.36
C0143,West,Standard,41,12,1026.16
C0144,,Premium,42,15,2050.65
C0145,West,Standard,46,8,874.55
C0146,East,Standard,68,6,445.48
C0147,North,Standard,68,6,706.95
C0148,East,Standard,42,8,759.94
C0149,West,Standard,38,4,423.8
C0150,East,Standard,52,7,415.2
C0151,North,Premium,15,28,5319.8
C0152,West,Premium,45,32,5912.18
C0153,East,Standard,28,9,911.6
C0154,West,Standard,14,5,394.2
C0155,,Premium,63,18,1557.02
C0156,North,Standard,11,11,794.38
C0157,South,Premium,62,26,2365.21
C0158,East,Standard,14,7,541.1
C0159,East,Standard,3,8,314.57
C0160,South,Premium,2,29,2094.69
C0161,East,Plus,52,17,1971.86
C0162,East,Plus,56,12,1436.88
C0163,South,Premium,51,21,2948.01
C0164,South,Plus,36,10,599.93
C0165,East,Standard,27,7,559.99
C0166,West,Premium,53,25,2943.14
C0167,North,Standard,58,5,379.48
C0168,East,Plus,42,18,2451.09
C0169,South,Standard,25,7,506.1
C0170,South,Standard,62,13,982.31
C0171,South,Standard,36,12,1038.43
C0172,South,Premium,32,23,2046.53
C0173,North,Standard,54,9,833.45
C0174,,Plus,31,11,1026.22
C0175,West,Standard,56,4,334.2
C0176,North,Premium,64,17,3177.66
C0177,South,Standard,11,10,692.85
C0178,North,Premium,6,25,1949.04
C0179,North,Standard,10,8,371.83
C0180,South,Premium,37,18,2233.38
