case_id,issue_type,priority,customer_tier,region,product_name,category,issue_text,escalated,resolution_text
T00341,return_refund,,Standard,East,HomeCam Secure,smart_home,Customer wants to return the product and asks whether the order is still inside the return window.,0,"Checked return-window and item-condition requirements, then approved or declined the return with next steps."
T00291,technical_issue,high,Standard,North,ChargeDock 4,accessory,Product repeatedly disconnects during normal use even after a restart.,0,"Completed troubleshooting, checked warranty or service eligibility, and escalated unresolved hardware or software faults."
T00055,subscription,low,Plus,West,AeroBuds Pro,audio,Customer asks to cancel a recurring subscription and stop future renewal charges.,0,"Confirmed subscription status, cancelled future renewal where eligible, and reviewed refund eligibility for the latest charge."
T00199,return_refund,medium,Standard,North,VoltBook Air,laptop,Customer requests a refund and asks what condition the item must be in for return approval.,0,"Checked return-window and item-condition requirements, then approved or declined the return with next steps."
T00454,return_refund,urgent,Standard,,ViewPad 11,tablet,Customer requests a refund and asks what condition the item must be in for return approval.,0,"Checked return-window and item-condition requirements, then approved or declined the return with next steps."
T00066,return_refund,high,Plus,East,NovaPhone Lite,smartphone,Customer requests a refund and asks what condition the item must be in for return approval.,1,"Checked return-window and item-condition requirements, then approved or declined the return with next steps."
T00064,shipping_delay,medium,Standard,West,HomeHub Mini,smart_home,Customer says the delivery is overdue and asks for a replacement shipment or updated ETA.,1,"Reviewed tracking status and provided replacement, refund, or revised delivery guidance based on delay threshold."
T00146,account_security,high,Plus,West,VoltBook Air,laptop,Customer believes someone accessed the account without permission and asks for urgent help.,1,"Secured the account, revoked active sessions, required credential reset, and escalated suspicious activity when needed."
T00293,technical_issue,medium,Standard,North,ChargeDock 4,accessory,Customer reports an intermittent software issue that basic troubleshooting did not resolve.,0,"Completed troubleshooting, checked warranty or service eligibility, and escalated unresolved hardware or software faults."
T00391,damaged_delivery,medium,Plus,North,VoltBook Pro,laptop,Customer opened the shipment and found physical damage that appears to have happened in transit.,1,Collected delivery evidence and arranged replacement or refund according to transit-damage policy.
T00707,payment_dispute,,Standard,South,PulseWatch 3,wearable,Customer reports a duplicate charge and disputes the second transaction.,1,"Reviewed transaction records, confirmed the billing issue, and initiated correction or refund when appropriate."
T00449,technical_issue,high,Standard,North,KeyBoard S,accessory,Product repeatedly disconnects during normal use even after a restart.,0,"Completed troubleshooting, checked warranty or service eligibility, and escalated unresolved hardware or software faults."
T00040,warranty,low,Plus,North,ChargeDock 4,accessory,The device stopped working after 830 days and the customer wants to know whether warranty coverage applies.,1,"Verified purchase date and warranty eligibility, then arranged repair or replacement based on coverage."
T00102,technical_issue,medium,Plus,North,NovaPhone Lite,smartphone,Customer reports an intermittent software issue that basic troubleshooting did not resolve.,1,"Completed troubleshooting, checked warranty or service eligibility, and escalated unresolved hardware or software faults."
T00431,damaged_delivery,medium,Standard,North,VoltBook Air,laptop,Package arrived with visible damage and the product casing is cracked.,0,Collected delivery evidence and arranged replacement or refund according to transit-damage policy.
T00329,account_security,medium,Premium,South,KeyBoard S,accessory,Customer reports an unfamiliar login and wants the account secured immediately.,1,"Secured the account, revoked active sessions, required credential reset, and escalated suspicious activity when needed."
T00087,technical_issue,low,Plus,East,HomeCam Secure,smart_home,Customer reports an intermittent software issue that basic troubleshooting did not resolve.,0,"Completed troubleshooting, checked warranty or service eligibility, and escalated unresolved hardware or software faults."
T00628,technical_issue,high,Standard,East,VoltBook Air,laptop,Product repeatedly disconnects during normal use even after a restart.,1,"Completed troubleshooting, checked warranty or service eligibility, and escalated unresolved hardware or software faults."
T00260,return_refund,medium,Standard,North,ViewPad 11,tablet,Customer wants to return the product and asks whether the order is still inside the return window.,0,"Checked return-window and item-condition requirements, then approved or declined the return with next steps."
T00214,payment_dispute,low,Premium,South,ChargeDock 4,accessory,Customer reports a duplicate charge and disputes the second transaction.,1,"Reviewed transaction records, confirmed the billing issue, and initiated correction or refund when appropriate."
T00447,shipping_delay,high,Standard,North,PulseWatch 3,wearable,Customer says the delivery is overdue and asks for a replacement shipment or updated ETA.,1,"Reviewed tracking status and provided replacement, refund, or revised delivery guidance based on delay threshold."
T00368,warranty,medium,Plus,West,AeroBuds Mini,audio,The device stopped working after 541 days and the customer wants to know whether warranty coverage applies.,0,"Verified purchase date and warranty eligibility, then arranged repair or replacement based on coverage."
T00034,warranty,low,Standard,West,PulseWatch 3,wearable,Customer reports a hardware failure after 295 days of ownership and requests repair or replacement.,0,"Verified purchase date and warranty eligibility, then arranged repair or replacement based on coverage."
T00687,technical_issue,medium,Plus,South,ChargeDock 4,accessory,Customer reports an intermittent software issue that basic troubleshooting did not resolve.,0,"Completed troubleshooting, checked warranty or service eligibility, and escalated unresolved hardware or software faults."
T00479,subscription,urgent,Premium,North,VoltBook Air,laptop,Customer says a subscription renewed unexpectedly and requests cancellation guidance.,0,"Confirmed subscription status, cancelled future renewal where eligible, and reviewed refund eligibility for the latest charge."
T00324,return_refund,medium,Premium,North,PulseWatch 3,wearable,Customer wants to return the product and asks whether the order is still inside the return window.,0,"Checked return-window and item-condition requirements, then approved or declined the return with next steps."
T00255,warranty,medium,Standard,West,AeroBuds Pro,audio,The device stopped working after 875 days and the customer wants to know whether warranty coverage applies.,0,"Verified purchase date and warranty eligibility, then arranged repair or replacement based on coverage."
T00211,damaged_delivery,urgent,Plus,South,HomeCam Secure,smart_home,Package arrived with visible damage and the product casing is cracked.,1,Collected delivery evidence and arranged replacement or refund according to transit-damage policy.
T00121,shipping_delay,medium,Standard,South,AeroBuds Pro,audio,Order has not arrived and tracking has shown no movement for several days.,0,"Reviewed tracking status and provided replacement, refund, or revised delivery guidance based on delay threshold."
T00134,damaged_delivery,high,Plus,South,VoltBook Pro,laptop,Customer opened the shipment and found physical damage that appears to have happened in transit.,0,Collected delivery evidence and arranged replacement or refund according to transit-damage policy.
T00418,warranty,low,Standard,South,AeroBuds Mini,audio,Customer reports a hardware failure after 50 days of ownership and requests repair or replacement.,0,"Verified purchase date and warranty eligibility, then arranged repair or replacement based on coverage."
T00364,subscription,high,Standard,West,VoltBook Air,laptop,Customer asks to cancel a recurring subscription and stop future renewal charges.,0,"Confirmed subscription status, cancelled future renewal where eligible, and reviewed refund eligibility for the latest charge."
T00337,technical_issue,medium,Premium,North,VoltBook Pro,laptop,Customer reports an intermittent software issue that basic troubleshooting did not resolve.,0,"Completed troubleshooting, checked warranty or service eligibility, and escalated unresolved hardware or software faults."
T00376,return_refund,medium,Standard,West,KeyBoard S,accessory,Customer requests a refund and asks what condition the item must be in for return approval.,0,"Checked return-window and item-condition requirements, then approved or declined the return with next steps."
T00572,warranty,urgent,Standard,North,PulseWatch 3,wearable,The device stopped working after 59 days and the customer wants to know whether warranty coverage applies.,0,"Verified purchase date and warranty eligibility, then arranged repair or replacement based on coverage."
T00637,return_refund,medium,Premium,North,HomeHub Mini,smart_home,Customer requests a refund and asks what condition the item must be in for return approval.,0,"Checked return-window and item-condition requirements, then approved or declined the return with next steps."
T00717,account_security,medium,Standard,West,VoltBook Pro,laptop,Customer believes someone accessed the account without permission and asks for urgent help.,0,"Secured the account, revoked active sessions, required credential reset, and escalated suspicious activity when needed."
T00570,payment_dispute,low,Plus,,HomeCam Secure,smart_home,Customer says the charged amount does not match the order total and requests a billing review.,1,"Reviewed transaction records, confirmed the billing issue, and initiated correction or refund when appropriate."
T00584,technical_issue,low,Plus,East,AeroBuds Mini,audio,Product repeatedly disconnects during normal use even after a restart.,0,"Completed troubleshooting, checked warranty or service eligibility, and escalated unresolved hardware or software faults."
T00494,warranty,medium,Standard,South,KeyBoard S,accessory,Customer reports a hardware failure after 63 days of ownership and requests repair or replacement.,0,"Verified purchase date and warranty eligibility, then arranged repair or replacement based on coverage."
T00301,technical_issue,medium,Plus,South,ChargeDock 4,accessory,Product repeatedly disconnects during normal use even after a restart.,0,"Completed troubleshooting, checked warranty or service eligibility, and escalated unresolved hardware or software faults."
T00136,account_security,medium,Plus,West,AeroBuds Mini,audio,Customer reports an unfamiliar login and wants the account secured immediately.,0,"Secured the account, revoked active sessions, required credential reset, and escalated suspicious activity when needed."
T00050,account_security,medium,Standard,North,VoltBook Pro,laptop,Customer reports an unfamiliar login and wants the account secured immediately.,1,"Secured the account, revoked active sessions, required credential reset, and escalated suspicious activity when needed."
T00713,payment_dispute,medium,Standard,East,PulseWatch 3,wearable,Customer says the charged amount does not match the order total and requests a billing review.,0,"Reviewed transaction records, confirmed the billing issue, and initiated correction or refund when appropriate."
T00417,payment_dispute,low,Plus,South,NovaPhone Lite,smartphone,Customer reports a duplicate charge and disputes the second transaction.,0,"Reviewed transaction records, confirmed the billing issue, and initiated correction or refund when appropriate."
T00073,payment_dispute,high,Standard,South,HomeCam Secure,smart_home,Customer says the charged amount does not match the order total and requests a billing review.,0,"Reviewed transaction records, confirmed the billing issue, and initiated correction or refund when appropriate."
T00343,technical_issue,low,Plus,East,VoltBook Air,laptop,Customer reports an intermittent software issue that basic troubleshooting did not resolve.,0,"Completed troubleshooting, checked warranty or service eligibility, and escalated unresolved hardware or software faults."
T00598,technical_issue,medium,Plus,,AeroBuds Mini,audio,Customer reports an intermittent software issue that basic troubleshooting did not resolve.,0,"Completed troubleshooting, checked warranty or service eligibility, and escalated unresolved hardware or software faults."
T00652,warranty,high,Standard,South,NovaPhone Lite,smartphone,Customer reports a hardware failure after 640 days of ownership and requests repair or replacement.,1,"Verified purchase date and warranty eligibility, then arranged repair or replacement based on coverage."
T00078,subscription,medium,Standard,North,KeyBoard S,accessory,Customer asks to cancel a recurring subscription and stop future renewal charges.,0,"Confirmed subscription status, cancelled future renewal where eligible, and reviewed refund eligibility for the latest charge."
T00523,return_refund,high,Standard,East,PulseWatch 3,wearable,Customer wants to return the product and asks whether the order is still inside the return window.,1,"Checked return-window and item-condition requirements, then approved or declined the return with next steps."
T00673,technical_issue,high,Standard,East,ChargeDock 4,accessory,Customer reports an intermittent software issue that basic troubleshooting did not resolve.,0,"Completed troubleshooting, checked warranty or service eligibility, and escalated unresolved hardware or software faults."
T00438,subscription,,Premium,North,VoltBook Air,laptop,Customer says a subscription renewed unexpectedly and requests cancellation guidance.,0,"Confirmed subscription status, cancelled future renewal where eligible, and reviewed refund eligibility for the latest charge."
T00592,warranty,urgent,Standard,South,HomeHub Mini,smart_home,The device stopped working after 253 days and the customer wants to know whether warranty coverage applies.,1,"Verified purchase date and warranty eligibility, then arranged repair or replacement based on coverage."
T00132,subscription,high,Standard,North,PulseWatch 3,wearable,Customer asks to cancel a recurring subscription and stop future renewal charges.,1,"Confirmed subscription status, cancelled future renewal where eligible, and reviewed refund eligibility for the latest charge."
T00353,account_security,high,Standard,South,KeyBoard S,accessory,Customer believes someone accessed the account without permission and asks for urgent help.,0,"Secured the account, revoked active sessions, required credential reset, and escalated suspicious activity when needed."
T00212,return_refund,low,Standard,East,HomeCam Secure,smart_home,Customer wants to return the product and asks whether the order is still inside the return window.,0,"Checked return-window and item-condition requirements, then approved or declined the return with next steps."
T00216,damaged_delivery,high,Standard,East,NovaPhone X,smartphone,Customer opened the shipment and found physical damage that appears to have happened in transit.,0,Collected delivery evidence and arranged replacement or refund according to transit-damage policy.
T00085,warranty,high,Standard,West,PulseWatch 3,wearable,The device stopped working after 682 days and the customer wants to know whether warranty coverage applies.,1,"Verified purchase date and warranty eligibility, then arranged repair or replacement based on coverage."
T00330,payment_dispute,medium,Standard,North,ChargeDock 4,accessory,Customer reports a duplicate charge and disputes the second transaction.,0,"Reviewed transaction records, confirmed the billing issue, and initiated correction or refund when appropriate."
T00533,account_security,medium,Premium,East,VoltBook Pro,laptop,Customer believes someone accessed the account without permission and asks for urgent help.,1,"Secured the account, revoked active sessions, required credential reset, and escalated suspicious activity when needed."
T00011,return_refund,low,Standard,West,VoltBook Air,laptop,Customer wants to return the product and asks whether the order is still inside the return window.,1,"Checked return-window and item-condition requirements, then approved or declined the return with next steps."
T00079,return_refund,,Standard,West,VoltBook Pro,laptop,Customer requests a refund and asks what condition the item must be in for return approval.,0,"Checked return-window and item-condition requirements, then approved or declined the return with next steps."
T00394,subscription,medium,Standard,South,HomeCam Secure,smart_home,Customer says a subscription renewed unexpectedly and requests cancellation guidance.,0,"Confirmed subscription status, cancelled future renewal where eligible, and reviewed refund eligibility for the latest charge."
T00251,warranty,high,Plus,East,PulseWatch 3,wearable,The device stopped working after 656 days and the customer wants to know whether warranty coverage applies.,0,"Verified purchase date and warranty eligibility, then arranged repair or replacement based on coverage."
T00098,shipping_delay,medium,Standard,East,AeroBuds Pro,audio,Customer says the delivery is overdue and asks for a replacement shipment or updated ETA.,1,"Reviewed tracking status and provided replacement, refund, or revised delivery guidance based on delay threshold."
T00655,warranty,high,Premium,North,ChargeDock 4,accessory,The device stopped working after 66 days and the customer wants to know whether warranty coverage applies.,1,"Verified purchase date and warranty eligibility, then arranged repair or replacement based on coverage."
T00156,return_refund,medium,Plus,West,PulseWatch 3,wearable,Customer wants to return the product and asks whether the order is still inside the return window.,0,"Checked return-window and item-condition requirements, then approved or declined the return with next steps."
T00528,warranty,medium,Standard,North,NovaPhone X,smartphone,Customer reports a hardware failure after 487 days of ownership and requests repair or replacement.,0,"Verified purchase date and warranty eligibility, then arranged repair or replacement based on coverage."
T00597,return_refund,low,Plus,,ViewPad 11,tablet,Customer requests a refund and asks what condition the item must be in for return approval.,0,"Checked return-window and item-condition requirements, then approved or declined the return with next steps."
T00669,return_refund,high,Standard,North,ChargeDock 4,accessory,Customer requests a refund and asks what condition the item must be in for return approval.,0,"Checked return-window and item-condition requirements, then approved or declined the return with next steps."
T00409,damaged_delivery,medium,Plus,West,NovaPhone Lite,smartphone,Package arrived with visible damage and the product casing is cracked.,0,Collected delivery evidence and arranged replacement or refund according to transit-damage policy.
T00082,payment_dispute,low,Premium,North,PulseWatch 3,wearable,Customer reports a duplicate charge and disputes the second transaction.,0,"Reviewed transaction records, confirmed the billing issue, and initiated correction or refund when appropriate."
T00383,technical_issue,medium,Premium,North,AeroBuds Mini,audio,Product repeatedly disconnects during normal use even after a restart.,1,"Completed troubleshooting, checked warranty or service eligibility, and escalated unresolved hardware or software faults."
T00149,damaged_delivery,high,Plus,North,AeroBuds Pro,audio,Package arrived with visible damage and the product casing is cracked.,0,Collected delivery evidence and arranged replacement or refund according to transit-damage policy.
T00537,technical_issue,high,Plus,East,ViewPad 11,tablet,Customer reports an intermittent software issue that basic troubleshooting did not resolve.,0,"Completed troubleshooting, checked warranty or service eligibility, and escalated unresolved hardware or software faults."
T00582,damaged_delivery,medium,Premium,West,HomeHub Mini,smart_home,Package arrived with visible damage and the product casing is cracked.,0,Collected delivery evidence and arranged replacement or refund according to transit-damage policy.
T00345,technical_issue,medium,Plus,North,AeroBuds Mini,audio,Customer reports an intermittent software issue that basic troubleshooting did not resolve.,1,"Completed troubleshooting, checked warranty or service eligibility, and escalated unresolved hardware or software faults."
T00715,return_refund,low,Standard,North,VoltBook Air,laptop,Customer requests a refund and asks what condition the item must be in for return approval.,0,"Checked return-window and item-condition requirements, then approved or declined the return with next steps."
T00249,damaged_delivery,low,Standard,South,HomeHub Mini,smart_home,Customer opened the shipment and found physical damage that appears to have happened in transit.,0,Collected delivery evidence and arranged replacement or refund according to transit-damage policy.
T00534,payment_dispute,high,Standard,,NovaPhone Lite,smartphone,Customer reports a duplicate charge and disputes the second transaction.,0,"Reviewed transaction records, confirmed the billing issue, and initiated correction or refund when appropriate."
T00307,subscription,medium,Standard,South,AeroBuds Pro,audio,Customer asks to cancel a recurring subscription and stop future renewal charges.,0,"Confirmed subscription status, cancelled future renewal where eligible, and reviewed refund eligibility for the latest charge."
T00193,return_refund,low,Premium,North,NovaPhone Lite,smartphone,Customer requests a refund and asks what condition the item must be in for return approval.,0,"Checked return-window and item-condition requirements, then approved or declined the return with next steps."
T00300,shipping_delay,low,Standard,East,VoltBook Air,laptop,Order has not arrived and tracking has shown no movement for several days.,0,"Reviewed tracking status and provided replacement, refund, or revised delivery guidance based on delay threshold."
T00032,subscription,low,Standard,East,ViewPad 11,tablet,Customer asks to cancel a recurring subscription and stop future renewal charges.,0,"Confirmed subscription status, cancelled future renewal where eligible, and reviewed refund eligibility for the latest charge."
T00504,return_refund,medium,Standard,West,ChargeDock 4,accessory,Customer requests a refund and asks what condition the item must be in for return approval.,0,"Checked return-window and item-condition requirements, then approved or declined the return with next steps."
T00550,subscription,high,Standard,West,KeyBoard S,accessory,Customer says a subscription renewed unexpectedly and requests cancellation guidance.,0,"Confirmed subscription status, cancelled future renewal where eligible, and reviewed refund eligibility for the latest charge."
T00232,return_refund,urgent,Standard,West,PulseWatch 3,wearable,Customer wants to return the product and asks whether the order is still inside the return window.,0,"Checked return-window and item-condition requirements, then approved or declined the return with next steps."
T00458,shipping_delay,medium,Standard,East,PulseWatch 3,wearable,Order has not arrived and tracking has shown no movement for several days.,0,"Reviewed tracking status and provided replacement, refund, or revised delivery guidance based on delay threshold."
T00661,technical_issue,medium,Standard,East,HomeCam Secure,smart_home,Product repeatedly disconnects during normal use even after a restart.,0,"Completed troubleshooting, checked warranty or service eligibility, and escalated unresolved hardware or software faults."
T00235,return_refund,low,Standard,South,PulseWatch 3,wearable,Customer wants to return the product and asks whether the order is still inside the return window.,0,"Checked return-window and item-condition requirements, then approved or declined the return with next steps."
T00056,return_refund,high,Standard,West,AeroBuds Pro,audio,Customer requests a refund and asks what condition the item must be in for return approval.,0,"Checked return-window and item-condition requirements, then approved or declined the return with next steps."
T00210,damaged_delivery,low,Standard,North,ViewPad 11,tablet,Customer opened the shipment and found physical damage that appears to have happened in transit.,0,Collected delivery evidence and arranged replacement or refund according to transit-damage policy.
T00339,technical_issue,medium,Plus,South,NovaPhone Lite,smartphone,Product repeatedly disconnects during normal use even after a restart.,0,"Completed troubleshooting, checked warranty or service eligibility, and escalated unresolved hardware or software faults."
T00175,shipping_delay,high,Premium,East,HomeCam Secure,smart_home,Order has not arrived and tracking has shown no movement for several days.,1,"Reviewed tracking status and provided replacement, refund, or revised delivery guidance based on delay threshold."
T00351,technical_issue,medium,Standard,South,NovaPhone Lite,smartphone,Product repeatedly disconnects during normal use even after a restart.,0,"Completed troubleshooting, checked warranty or service eligibility, and escalated unresolved hardware or software faults."
T00077,shipping_delay,medium,Plus,East,NovaPhone X,smartphone,Customer says the delivery is overdue and asks for a replacement shipment or updated ETA.,0,"Reviewed tracking status and provided replacement, refund, or revised delivery guidance based on delay threshold."
T00003,payment_dispute,high,Plus,East,HomeCam Secure,smart_home,Customer says the charged amount does not match the order total and requests a billing review.,1,"Reviewed transaction records, confirmed the billing issue, and initiated correction or refund when appropriate."
T00549,payment_dispute,medium,Plus,West,ViewPad 11,tablet,Customer reports a duplicate charge and disputes the second transaction.,0,"Reviewed transaction records, confirmed the billing issue, and initiated correction or refund when appropriate."
T00110,warranty,high,Standard,West,NovaPhone X,smartphone,Customer reports a hardware failure after 52 days of ownership and requests repair or replacement.,1,"Verified purchase date and warranty eligibility, then arranged repair or replacement based on coverage."
T00292,damaged_delivery,medium,Standard,West,AeroBuds Mini,audio,Package arrived with visible damage and the product casing is cracked.,0,Collected delivery evidence and arranged replacement or refund according to transit-damage policy.
T00716,warranty,low,Premium,West,AeroBuds Pro,audio,Customer reports a hardware failure after 277 days of ownership and requests repair or replacement.,0,"Verified purchase date and warranty eligibility, then arranged repair or replacement based on coverage."
T00312,payment_dispute,medium,Standard,North,VoltBook Pro,laptop,Customer says the charged amount does not match the order total and requests a billing review.,1,"Reviewed transaction records, confirmed the billing issue, and initiated correction or refund when appropriate."
T00352,shipping_delay,low,Plus,West,HomeCam Secure,smart_home,Order has not arrived and tracking has shown no movement for several days.,0,"Reviewed tracking status and provided replacement, refund, or revised delivery guidance based on delay threshold."
T00209,damaged_delivery,medium,Standard,West,VoltBook Pro,laptop,Package arrived with visible damage and the product casing is cracked.,0,Collected delivery evidence and arranged replacement or refund according to transit-damage policy.
T00358,account_security,medium,Standard,North,HomeHub Mini,smart_home,Customer believes someone accessed the account without permission and asks for urgent help.,0,"Secured the account, revoked active sessions, required credential reset, and escalated suspicious activity when needed."
T00182,payment_dispute,medium,Standard,West,VoltBook Pro,laptop,Customer reports a duplicate charge and disputes the second transaction.,0,"Reviewed transaction records, confirmed the billing issue, and initiated correction or refund when appropriate."
T00236,technical_issue,medium,Premium,East,AeroBuds Pro,audio,Product repeatedly disconnects during normal use even after a restart.,0,"Completed troubleshooting, checked warranty or service eligibility, and escalated unresolved hardware or software faults."
T00228,warranty,medium,Standard,West,VoltBook Pro,laptop,The device stopped working after 567 days and the customer wants to know whether warranty coverage applies.,0,"Verified purchase date and warranty eligibility, then arranged repair or replacement based on coverage."
T00658,return_refund,medium,Plus,East,KeyBoard S,accessory,Customer wants to return the product and asks whether the order is still inside the return window.,0,"Checked return-window and item-condition requirements, then approved or declined the return with next steps."
T00119,warranty,low,Standard,South,NovaPhone X,smartphone,The device stopped working after 105 days and the customer wants to know whether warranty coverage applies.,0,"Verified purchase date and warranty eligibility, then arranged repair or replacement based on coverage."
T00451,subscription,high,Plus,South,HomeCam Secure,smart_home,Customer asks to cancel a recurring subscription and stop future renewal charges.,0,"Confirmed subscription status, cancelled future renewal where eligible, and reviewed refund eligibility for the latest charge."
T00624,technical_issue,,Standard,South,HomeCam Secure,smart_home,Product repeatedly disconnects during normal use even after a restart.,1,"Completed troubleshooting, checked warranty or service eligibility, and escalated unresolved hardware or software faults."
T00091,return_refund,high,Standard,North,NovaPhone X,smartphone,Customer wants to return the product and asks whether the order is still inside the return window.,0,"Checked return-window and item-condition requirements, then approved or declined the return with next steps."
T00515,payment_dispute,high,Plus,South,AeroBuds Pro,audio,Customer reports a duplicate charge and disputes the second transaction.,1,"Reviewed transaction records, confirmed the billing issue, and initiated correction or refund when appropriate."
T00328,return_refund,low,Plus,North,NovaPhone X,smartphone,Customer requests a refund and asks what condition the item must be in for return approval.,0,"Checked return-window and item-condition requirements, then approved or declined the return with next steps."
T00378,technical_issue,medium,Premium,South,VoltBook Air,laptop,Customer reports an intermittent software issue that basic troubleshooting did not resolve.,1,"Completed troubleshooting, checked warranty or service eligibility, and escalated unresolved hardware or software faults."
T00061,technical_issue,urgent,Standard,East,NovaPhone X,smartphone,Product repeatedly disconnects during normal use even after a restart.,1,"Completed troubleshooting, checked warranty or service eligibility, and escalated unresolved hardware or software faults."
T00580,technical_issue,low,Plus,South,VoltBook Air,laptop,Customer reports an intermittent software issue that basic troubleshooting did not resolve.,0,"Completed troubleshooting, checked warranty or service eligibility, and escalated unresolved hardware or software faults."
T00031,shipping_delay,medium,Plus,North,AeroBuds Mini,audio,Customer says the delivery is overdue and asks for a replacement shipment or updated ETA.,0,"Reviewed tracking status and provided replacement, refund, or revised delivery guidance based on delay threshold."
T00070,payment_dispute,medium,Plus,North,VoltBook Pro,laptop,Customer reports a duplicate charge and disputes the second transaction.,0,"Reviewed transaction records, confirmed the billing issue, and initiated correction or refund when appropriate."
T00399,warranty,low,Standard,North,VoltBook Pro,laptop,Customer reports a hardware failure after 298 days of ownership and requests repair or replacement.,0,"Verified purchase date and warranty eligibility, then arranged repair or replacement based on coverage."
T00623,subscription,medium,Plus,North,NovaPhone Lite,smartphone,Customer asks to cancel a recurring subscription and stop future renewal charges.,0,"Confirmed subscription status, cancelled future renewal where eligible, and reviewed refund eligibility for the latest charge."
T00045,damaged_delivery,low,Plus,South,VoltBook Pro,laptop,Package arrived with visible damage and the product casing is cracked.,0,Collected delivery evidence and arranged replacement or refund according to transit-damage policy.
T00295,return_refund,high,Plus,East,PulseWatch 3,wearable,Customer requests a refund and asks what condition the item must be in for return approval.,1,"Checked return-window and item-condition requirements, then approved or declined the return with next steps."
T00071,return_refund,high,Standard,North,ChargeDock 4,accessory,Customer wants to return the product and asks whether the order is still inside the return window.,0,"Checked return-window and item-condition requirements, then approved or declined the return with next steps."
T00389,return_refund,low,Standard,North,AeroBuds Mini,audio,Customer wants to return the product and asks whether the order is still inside the return window.,0,"Checked return-window and item-condition requirements, then approved or declined the return with next steps."
T00653,payment_dispute,medium,Standard,South,HomeHub Mini,smart_home,Customer says the charged amount does not match the order total and requests a billing review.,0,"Reviewed transaction records, confirmed the billing issue, and initiated correction or refund when appropriate."
T00589,return_refund,high,Standard,West,ChargeDock 4,accessory,Customer requests a refund and asks what condition the item must be in for return approval.,1,"Checked return-window and item-condition requirements, then approved or declined the return with next steps."
T00463,warranty,medium,Plus,East,HomeCam Secure,smart_home,Customer reports a hardware failure after 447 days of ownership and requests repair or replacement.,0,"Verified purchase date and warranty eligibility, then arranged repair or replacement based on coverage."
T00674,return_refund,low,Standard,East,AeroBuds Pro,audio,Customer wants to return the product and asks whether the order is still inside the return window.,0,"Checked return-window and item-condition requirements, then approved or declined the return with next steps."
T00421,technical_issue,medium,Standard,North,NovaPhone Lite,smartphone,Product repeatedly disconnects during normal use even after a restart.,0,"Completed troubleshooting, checked warranty or service eligibility, and escalated unresolved hardware or software faults."
T00221,account_security,urgent,Standard,South,HomeCam Secure,smart_home,Customer reports an unfamiliar login and wants the account secured immediately.,1,"Secured the account, revoked active sessions, required credential reset, and escalated suspicious activity when needed."
T00553,account_security,urgent,Plus,East,AeroBuds Pro,audio,Customer reports an unfamiliar login and wants the account secured immediately.,1,"Secured the account, revoked active sessions, required credential reset, and escalated suspicious activity when needed."
T00336,return_refund,high,Standard,West,AeroBuds Pro,audio,Customer requests a refund and asks what condition the item must be in for return approval.,0,"Checked return-window and item-condition requirements, then approved or declined the return with next steps."
T00711,account_security,medium,Standard,East,HomeCam Secure,smart_home,Customer reports an unfamiliar login and wants the account secured immediately.,0,"Secured the account, revoked active sessions, required credential reset, and escalated suspicious activity when needed."
T00137,subscription,medium,Standard,North,HomeHub Mini,smart_home,Customer asks to cancel a recurring subscription and stop future renewal charges.,0,"Confirmed subscription status, cancelled future renewal where eligible, and reviewed refund eligibility for the latest charge."
T00007,subscription,medium,Premium,,VoltBook Air,laptop,Customer asks to cancel a recurring subscription and stop future renewal charges.,0,"Confirmed subscription status, cancelled future renewal where eligible, and reviewed refund eligibility for the latest charge."
T00224,warranty,medium,Plus,South,NovaPhone Lite,smartphone,The device stopped working after 188 days and the customer wants to know whether warranty coverage applies.,0,"Verified purchase date and warranty eligibility, then arranged repair or replacement based on coverage."
T00165,damaged_delivery,medium,Standard,South,HomeHub Mini,smart_home,Package arrived with visible damage and the product casing is cracked.,1,Collected delivery evidence and arranged replacement or refund according to transit-damage policy.
